date,week,weight,shoulders,arm,forearm,chest,waist,hips,thigh,body_fat,muscle_mass,workout_category,workout_type,workout_name,sets,reps,weight_kg,volume_load_kg,estimated_one_repMax,total_sets,total_reps,total_volume_load,avg_intensity_weight,avg_e1rm,vol_core,vol_legs,vol_pull,vol_push,vol_posteriorchain,total_calories,total_protein,water_intake,crea_intake,avg_calories,avg_protein,avg_water,creatine_days
2025-11-24,0,66.0,47.0,31.5,27.5,92.0,85.0,92.0,57.0,22.0,29.2,Pull,Back (vertical pull),Wide-Grip Lat Pulldown,2.0,20.0,20.0,800.0,33.33,48.0,512.0,19780.0,19.729166666666668,33.46458333333333,40.0,9580.0,5300.0,4860.0,0.0,1102.0,22.0,2.0,5.0,1272.857142857143,47.0,2.4285714285714284,7.0
2025-11-24,0,66.0,47.0,31.5,27.5,92.0,85.0,92.0,57.0,22.0,29.2,Pull,Back (horizontal pull),Cable Row,2.0,20.0,32.5,1300.0,54.17,48.0,512.0,19780.0,19.729166666666668,33.46458333333333,40.0,9580.0,5300.0,4860.0,0.0,1102.0,22.0,2.0,5.0,1272.857142857143,47.0,2.4285714285714284,7.0
2025-11-24,0,66.0,47.0,31.5,27.5,92.0,85.0,92.0,57.0,22.0,29.2,Pull,Biceps,Biceps Cable Curl,2.0,20.0,20.0,800.0,33.33,48.0,512.0,19780.0,19.729166666666668,33.46458333333333,40.0,9580.0,5300.0,4860.0,0.0,1102.0,22.0,2.0,5.0,1272.857142857143,47.0,2.4285714285714284,7.0
2025-11-24,0,66.0,47.0,31.5,27.5,92.0,85.0,92.0,57.0,22.0,29.2,Push,Chest (compound),Flat Bench Press,2.0,20.0,20.0,800.0,33.33,48.0,512.0,19780.0,19.729166666666668,33.46458333333333,40.0,9580.0,5300.0,4860.0,0.0,1102.0,22.0,2.0,5.0,1272.857142857143,47.0,2.4285714285714284,7.0
2025-11-24,0,66.0,47.0,31.5,27.5,92.0,85.0,92.0,57.0,22.0,29.2,Push,Chest (isolation),Pec Deck ,2.0,20.0,20.0,800.0,33.33,48.0,512.0,19780.0,19.729166666666668,33.46458333333333,40.0,9580.0,5300.0,4860.0,0.0,1102.0,22.0,2.0,5.0,1272.857142857143,47.0,2.4285714285714284,7.0
2025-11-24,0,66.0,47.0,31.5,27.5,92.0,85.0,92.0,57.0,22.0,29.2,Push,Triceps,Front and Back Triceps Pushdown,2.0,12.0,15.0,360.0,21.0,48.0,512.0,19780.0,19.729166666666668,33.46458333333333,40.0,9580.0,5300.0,4860.0,0.0,1102.0,22.0,2.0,5.0,1272.857142857143,47.0,2.4285714285714284,7.0
2025-11-25,0,66.0,47.0,31.5,27.5,92.0,85.0,92.0,57.0,22.0,29.2,Core,Core,Crunches,2.0,20.0,1.0,40.0,1.67,48.0,512.0,19780.0,19.729166666666668,33.46458333333333,40.0,9580.0,5300.0,4860.0,0.0,1171.0,60.0,2.5,5.0,1272.857142857143,47.0,2.4285714285714284,7.0
2025-11-25,0,66.0,47.0,31.5,27.5,92.0,85.0,92.0,57.0,22.0,29.2,Legs,Legs (compound),Back Squat,2.0,24.0,20.0,960.0,36.0,48.0,512.0,19780.0,19.729166666666668,33.46458333333333,40.0,9580.0,5300.0,4860.0,0.0,1171.0,60.0,2.5,5.0,1272.857142857143,47.0,2.4285714285714284,7.0
2025-11-25,0,66.0,47.0,31.5,27.5,92.0,85.0,92.0,57.0,22.0,29.2,Legs,Legs (isolation),Leg Extension,2.0,24.0,30.0,1440.0,54.0,48.0,512.0,19780.0,19.729166666666668,33.46458333333333,40.0,9580.0,5300.0,4860.0,0.0,1171.0,60.0,2.5,5.0,1272.857142857143,47.0,2.4285714285714284,7.0
2025-11-25,0,66.0,47.0,31.5,27.5,92.0,85.0,92.0,57.0,22.0,29.2,Legs,Legs (isolation),Seated Hamstring Curls,2.0,24.0,30.0,1440.0,54.0,48.0,512.0,19780.0,19.729166666666668,33.46458333333333,40.0,9580.0,5300.0,4860.0,0.0,1171.0,60.0,2.5,5.0,1272.857142857143,47.0,2.4285714285714284,7.0
2025-11-25,0,66.0,47.0,31.5,27.5,92.0,85.0,92.0,57.0,22.0,29.2,Legs,Hips/Glutes,Outer Thigh Abduction,2.0,24.0,15.0,720.0,27.0,48.0,512.0,19780.0,19.729166666666668,33.46458333333333,40.0,9580.0,5300.0,4860.0,0.0,1171.0,60.0,2.5,5.0,1272.857142857143,47.0,2.4285714285714284,7.0
2025-11-25,0,66.0,47.0,31.5,27.5,92.0,85.0,92.0,57.0,22.0,29.2,Legs,Hips/Adductors,Inner Thigh Abduction,2.0,24.0,15.0,720.0,27.0,48.0,512.0,19780.0,19.729166666666668,33.46458333333333,40.0,9580.0,5300.0,4860.0,0.0,1171.0,60.0,2.5,5.0,1272.857142857143,47.0,2.4285714285714284,7.0
2025-11-26,0,66.0,47.0,31.5,27.5,92.0,85.0,92.0,57.0,22.0,29.2,Pull,Biceps,Biceps Cable Curl,2.0,20.0,20.0,800.0,33.33,48.0,512.0,19780.0,19.729166666666668,33.46458333333333,40.0,9580.0,5300.0,4860.0,0.0,2831.0,104.0,2.0,5.0,1272.857142857143,47.0,2.4285714285714284,7.0
2025-11-26,0,66.0,47.0,31.5,27.5,92.0,85.0,92.0,57.0,22.0,29.2,Push,Chest (upper-focus),Incline Dumbbell Bench Press,2.0,20.0,20.0,800.0,33.33,48.0,512.0,19780.0,19.729166666666668,33.46458333333333,40.0,9580.0,5300.0,4860.0,0.0,2831.0,104.0,2.0,5.0,1272.857142857143,47.0,2.4285714285714284,7.0
2025-11-26,0,66.0,47.0,31.5,27.5,92.0,85.0,92.0,57.0,22.0,29.2,Push,Shoulders,Dumbbell Shoulder Press,2.0,20.0,7.5,300.0,12.5,48.0,512.0,19780.0,19.729166666666668,33.46458333333333,40.0,9580.0,5300.0,4860.0,0.0,2831.0,104.0,2.0,5.0,1272.857142857143,47.0,2.4285714285714284,7.0
2025-11-26,0,66.0,47.0,31.5,27.5,92.0,85.0,92.0,57.0,22.0,29.2,Push,Shoulders,Hip-height Cable Lateral Raises,2.0,40.0,5.0,400.0,11.67,48.0,512.0,19780.0,19.729166666666668,33.46458333333333,40.0,9580.0,5300.0,4860.0,0.0,2831.0,104.0,2.0,5.0,1272.857142857143,47.0,2.4285714285714284,7.0
2025-11-26,0,66.0,47.0,31.5,27.5,92.0,85.0,92.0,57.0,22.0,29.2,Push,Triceps,Isolated Tricep Pushdown,2.0,20.0,15.0,600.0,25.0,48.0,512.0,19780.0,19.729166666666668,33.46458333333333,40.0,9580.0,5300.0,4860.0,0.0,2831.0,104.0,2.0,5.0,1272.857142857143,47.0,2.4285714285714284,7.0
2025-11-27,0,66.0,47.0,31.5,27.5,92.0,85.0,92.0,57.0,22.0,29.2,Legs,Legs (compound),Back Squat,2.0,20.0,20.0,800.0,33.33,48.0,512.0,19780.0,19.729166666666668,33.46458333333333,40.0,9580.0,5300.0,4860.0,0.0,811.0,25.0,2.5,5.0,1272.857142857143,47.0,2.4285714285714284,7.0
2025-11-27,0,66.0,47.0,31.5,27.5,92.0,85.0,92.0,57.0,22.0,29.2,Legs,Legs (compound),Goblet Squat,2.0,20.0,7.5,300.0,12.5,48.0,512.0,19780.0,19.729166666666668,33.46458333333333,40.0,9580.0,5300.0,4860.0,0.0,811.0,25.0,2.5,5.0,1272.857142857143,47.0,2.4285714285714284,7.0
2025-11-27,0,66.0,47.0,31.5,27.5,92.0,85.0,92.0,57.0,22.0,29.2,Legs,Legs (isolation),Seated Hamstring Curls,2.0,20.0,40.0,1600.0,66.67,48.0,512.0,19780.0,19.729166666666668,33.46458333333333,40.0,9580.0,5300.0,4860.0,0.0,811.0,25.0,2.5,5.0,1272.857142857143,47.0,2.4285714285714284,7.0
2025-11-27,0,66.0,47.0,31.5,27.5,92.0,85.0,92.0,57.0,22.0,29.2,Legs,Hips/Glutes(abductor),Outer Thigh Abduction,2.0,20.0,20.0,800.0,33.33,48.0,512.0,19780.0,19.729166666666668,33.46458333333333,40.0,9580.0,5300.0,4860.0,0.0,811.0,25.0,2.5,5.0,1272.857142857143,47.0,2.4285714285714284,7.0
2025-11-27,0,66.0,47.0,31.5,27.5,92.0,85.0,92.0,57.0,22.0,29.2,Legs,Hips/Adductors,Inner Thigh Abduction,2.0,20.0,20.0,800.0,33.33,48.0,512.0,19780.0,19.729166666666668,33.46458333333333,40.0,9580.0,5300.0,4860.0,0.0,811.0,25.0,2.5,5.0,1272.857142857143,47.0,2.4285714285714284,7.0
2025-11-27,0,66.0,47.0,31.5,27.5,92.0,85.0,92.0,57.0,22.0,29.2,Pull,Traps,Trap Bar Shrugs,2.0,20.0,40.0,1600.0,66.67,48.0,512.0,19780.0,19.729166666666668,33.46458333333333,40.0,9580.0,5300.0,4860.0,0.0,811.0,25.0,2.5,5.0,1272.857142857143,47.0,2.4285714285714284,7.0
2025-11-27,0,66.0,47.0,31.5,27.5,92.0,85.0,92.0,57.0,22.0,29.2,Push,Forearms/Grip,Forearm Cable Pushdown,2.0,20.0,20.0,800.0,33.33,48.0,512.0,19780.0,19.729166666666668,33.46458333333333,40.0,9580.0,5300.0,4860.0,0.0,811.0,25.0,2.5,5.0,1272.857142857143,47.0,2.4285714285714284,7.0
2025-11-28,0,66.0,47.0,31.5,27.5,92.0,85.0,92.0,57.0,22.0,29.2,0,0,0,0.0,0.0,0.0,0.0,0.0,48.0,512.0,19780.0,19.729166666666668,33.46458333333333,40.0,9580.0,5300.0,4860.0,0.0,1120.0,31.0,3.0,5.0,1272.857142857143,47.0,2.4285714285714284,7.0
2025-11-29,0,66.0,47.0,31.5,27.5,92.0,85.0,92.0,57.0,22.0,29.2,0,0,0,0.0,0.0,0.0,0.0,0.0,48.0,512.0,19780.0,19.729166666666668,33.46458333333333,40.0,9580.0,5300.0,4860.0,0.0,795.0,24.0,2.5,5.0,1272.857142857143,47.0,2.4285714285714284,7.0
2025-11-30,0,66.0,47.0,31.5,27.5,92.0,85.0,92.0,57.0,22.0,29.2,0,0,0,0.0,0.0,0.0,0.0,0.0,48.0,512.0,19780.0,19.729166666666668,33.46458333333333,40.0,9580.0,5300.0,4860.0,0.0,1080.0,63.0,2.5,5.0,1272.857142857143,47.0,2.4285714285714284,7.0
2025-12-01,1,67.5,48.0,32.0,28.0,93.0,86.0,93.0,58.0,21.0,30.1,Pull,Back (horizontal pull),Cable Row,2.0,20.0,32.5,1300.0,54.17,55.0,580.0,26580.0,23.625,39.495357142857145,100.0,13160.0,8120.0,5200.0,0.0,2505.0,115.0,2.5,5.0,2236.714285714286,98.0,2.7142857142857144,7.0
2025-12-01,1,67.5,48.0,32.0,28.0,93.0,86.0,93.0,58.0,21.0,30.1,Pull,Back (vertical pull),Wide-Grip Lat Pulldown,2.0,20.0,45.0,1800.0,75.0,55.0,580.0,26580.0,23.625,39.495357142857145,100.0,13160.0,8120.0,5200.0,0.0,2505.0,115.0,2.5,5.0,2236.714285714286,98.0,2.7142857142857144,7.0
2025-12-01,1,67.5,48.0,32.0,28.0,93.0,86.0,93.0,58.0,21.0,30.1,Pull,Biceps,Biceps Cable Curl,2.0,20.0,20.0,800.0,33.33,55.0,580.0,26580.0,23.625,39.495357142857145,100.0,13160.0,8120.0,5200.0,0.0,2505.0,115.0,2.5,5.0,2236.714285714286,98.0,2.7142857142857144,7.0
2025-12-01,1,67.5,48.0,32.0,28.0,93.0,86.0,93.0,58.0,21.0,30.1,Push,Chest (compound),Flat Bench Press,2.0,20.0,30.0,1200.0,50.0,55.0,580.0,26580.0,23.625,39.495357142857145,100.0,13160.0,8120.0,5200.0,0.0,2505.0,115.0,2.5,5.0,2236.714285714286,98.0,2.7142857142857144,7.0
2025-12-01,1,67.5,48.0,32.0,28.0,93.0,86.0,93.0,58.0,21.0,30.1,Push,Chest (isolation),Pec Deck ,2.0,20.0,40.0,1600.0,66.67,55.0,580.0,26580.0,23.625,39.495357142857145,100.0,13160.0,8120.0,5200.0,0.0,2505.0,115.0,2.5,5.0,2236.714285714286,98.0,2.7142857142857144,7.0
2025-12-01,1,67.5,48.0,32.0,28.0,93.0,86.0,93.0,58.0,21.0,30.1,Push,Shoulders,Hip-height Cable Lateral Raises,2.0,40.0,5.0,400.0,11.67,55.0,580.0,26580.0,23.625,39.495357142857145,100.0,13160.0,8120.0,5200.0,0.0,2505.0,115.0,2.5,5.0,2236.714285714286,98.0,2.7142857142857144,7.0
2025-12-01,1,67.5,48.0,32.0,28.0,93.0,86.0,93.0,58.0,21.0,30.1,Push,Triceps,Isolated Tricep Pushdown,2.0,20.0,10.0,400.0,16.67,55.0,580.0,26580.0,23.625,39.495357142857145,100.0,13160.0,8120.0,5200.0,0.0,2505.0,115.0,2.5,5.0,2236.714285714286,98.0,2.7142857142857144,7.0
2025-12-02,1,67.5,48.0,32.0,28.0,93.0,86.0,93.0,58.0,21.0,30.1,0,0,0,0.0,0.0,0.0,0.0,0.0,55.0,580.0,26580.0,23.625,39.495357142857145,100.0,13160.0,8120.0,5200.0,0.0,1897.0,119.0,2.5,5.0,2236.714285714286,98.0,2.7142857142857144,7.0
2025-12-03,1,67.5,48.0,32.0,28.0,93.0,86.0,93.0,58.0,21.0,30.1,Core,Core,Crunches,2.0,20.0,1.0,40.0,1.67,55.0,580.0,26580.0,23.625,39.495357142857145,100.0,13160.0,8120.0,5200.0,0.0,2712.0,107.0,3.0,5.0,2236.714285714286,98.0,2.7142857142857144,7.0
2025-12-03,1,67.5,48.0,32.0,28.0,93.0,86.0,93.0,58.0,21.0,30.1,Legs,Legs (compound),Back Squat,2.0,20.0,30.0,1200.0,50.0,55.0,580.0,26580.0,23.625,39.495357142857145,100.0,13160.0,8120.0,5200.0,0.0,2712.0,107.0,3.0,5.0,2236.714285714286,98.0,2.7142857142857144,7.0
2025-12-03,1,67.5,48.0,32.0,28.0,93.0,86.0,93.0,58.0,21.0,30.1,Legs,Legs (isolation),Isolated Leg Extension,2.0,20.0,25.0,1000.0,41.67,55.0,580.0,26580.0,23.625,39.495357142857145,100.0,13160.0,8120.0,5200.0,0.0,2712.0,107.0,3.0,5.0,2236.714285714286,98.0,2.7142857142857144,7.0
2025-12-03,1,67.5,48.0,32.0,28.0,93.0,86.0,93.0,58.0,21.0,30.1,Legs,Legs (isolation),Seated Hamstring Curls,2.0,20.0,40.0,1600.0,66.67,55.0,580.0,26580.0,23.625,39.495357142857145,100.0,13160.0,8120.0,5200.0,0.0,2712.0,107.0,3.0,5.0,2236.714285714286,98.0,2.7142857142857144,7.0
2025-12-03,1,67.5,48.0,32.0,28.0,93.0,86.0,93.0,58.0,21.0,30.1,Legs,Hips/Glutes (abductor),Outer Thigh Abduction,2.0,20.0,20.0,800.0,33.33,55.0,580.0,26580.0,23.625,39.495357142857145,100.0,13160.0,8120.0,5200.0,0.0,2712.0,107.0,3.0,5.0,2236.714285714286,98.0,2.7142857142857144,7.0
2025-12-03,1,67.5,48.0,32.0,28.0,93.0,86.0,93.0,58.0,21.0,30.1,Legs,Hips/Adductors,Inner Thigh Abduction,2.0,20.0,25.0,1000.0,41.67,55.0,580.0,26580.0,23.625,39.495357142857145,100.0,13160.0,8120.0,5200.0,0.0,2712.0,107.0,3.0,5.0,2236.714285714286,98.0,2.7142857142857144,7.0
2025-12-03,1,67.5,48.0,32.0,28.0,93.0,86.0,93.0,58.0,21.0,30.1,Legs,Calf,Calves Raise w/ Kettlebell,2.0,20.0,14.0,560.0,23.33,55.0,580.0,26580.0,23.625,39.495357142857145,100.0,13160.0,8120.0,5200.0,0.0,2712.0,107.0,3.0,5.0,2236.714285714286,98.0,2.7142857142857144,7.0
2025-12-04,1,67.5,48.0,32.0,28.0,93.0,86.0,93.0,58.0,21.0,30.1,Pull,Back (vertical pull),Wide-Grip Lat Pulldown,2.0,20.0,50.0,2000.0,83.33,55.0,580.0,26580.0,23.625,39.495357142857145,100.0,13160.0,8120.0,5200.0,0.0,1560.0,52.0,2.0,5.0,2236.714285714286,98.0,2.7142857142857144,7.0
2025-12-04,1,67.5,48.0,32.0,28.0,93.0,86.0,93.0,58.0,21.0,30.1,Pull,Back (horizontal pull),Single Arm Cable Row,2.0,20.0,13.0,520.0,21.67,55.0,580.0,26580.0,23.625,39.495357142857145,100.0,13160.0,8120.0,5200.0,0.0,1560.0,52.0,2.0,5.0,2236.714285714286,98.0,2.7142857142857144,7.0
2025-12-04,1,67.5,48.0,32.0,28.0,93.0,86.0,93.0,58.0,21.0,30.1,Pull,Forearms/Grip,Cable Standing Wrist Curl,1.0,10.0,5.0,50.0,6.67,55.0,580.0,26580.0,23.625,39.495357142857145,100.0,13160.0,8120.0,5200.0,0.0,1560.0,52.0,2.0,5.0,2236.714285714286,98.0,2.7142857142857144,7.0
2025-12-04,1,67.5,48.0,32.0,28.0,93.0,86.0,93.0,58.0,21.0,30.1,Pull,Forearms/Grip,Cable Standing Wrist Reverse Curl,1.0,10.0,5.0,50.0,6.67,55.0,580.0,26580.0,23.625,39.495357142857145,100.0,13160.0,8120.0,5200.0,0.0,1560.0,52.0,2.0,5.0,2236.714285714286,98.0,2.7142857142857144,7.0
2025-12-04,1,67.5,48.0,32.0,28.0,93.0,86.0,93.0,58.0,21.0,30.1,Pull,Traps,Trap Bar Shrugs,2.0,20.0,40.0,1600.0,66.67,55.0,580.0,26580.0,23.625,39.495357142857145,100.0,13160.0,8120.0,5200.0,0.0,1560.0,52.0,2.0,5.0,2236.714285714286,98.0,2.7142857142857144,7.0
2025-12-04,1,67.5,48.0,32.0,28.0,93.0,86.0,93.0,58.0,21.0,30.1,Push,Chest (compound),Flat Bench Press,2.0,20.0,30.0,1200.0,50.0,55.0,580.0,26580.0,23.625,39.495357142857145,100.0,13160.0,8120.0,5200.0,0.0,1560.0,52.0,2.0,5.0,2236.714285714286,98.0,2.7142857142857144,7.0
2025-12-04,1,67.5,48.0,32.0,28.0,93.0,86.0,93.0,58.0,21.0,30.1,Push,Shoulders,Hip-height Cable Lateral Raises,2.0,40.0,5.0,400.0,11.67,55.0,580.0,26580.0,23.625,39.495357142857145,100.0,13160.0,8120.0,5200.0,0.0,1560.0,52.0,2.0,5.0,2236.714285714286,98.0,2.7142857142857144,7.0
2025-12-05,1,67.5,48.0,32.0,28.0,93.0,86.0,93.0,58.0,21.0,30.1,0,0,0,0.0,0.0,0.0,0.0,0.0,55.0,580.0,26580.0,23.625,39.495357142857145,100.0,13160.0,8120.0,5200.0,0.0,1981.0,144.0,2.5,5.0,2236.714285714286,98.0,2.7142857142857144,7.0
2025-12-06,1,67.5,48.0,32.0,28.0,93.0,86.0,93.0,58.0,21.0,30.1,Core,Core,Crunches,3.0,20.0,1.0,60.0,1.67,55.0,580.0,26580.0,23.625,39.495357142857145,100.0,13160.0,8120.0,5200.0,0.0,2754.0,85.0,3.5,5.0,2236.714285714286,98.0,2.7142857142857144,7.0
2025-12-06,1,67.5,48.0,32.0,28.0,93.0,86.0,93.0,58.0,21.0,30.1,Legs,Legs (compound),Back Squat,2.0,20.0,30.0,1200.0,50.0,55.0,580.0,26580.0,23.625,39.495357142857145,100.0,13160.0,8120.0,5200.0,0.0,2754.0,85.0,3.5,5.0,2236.714285714286,98.0,2.7142857142857144,7.0
2025-12-06,1,67.5,48.0,32.0,28.0,93.0,86.0,93.0,58.0,21.0,30.1,Legs,Legs (isolation),Isolated Leg Extension,2.0,20.0,25.0,1000.0,41.67,55.0,580.0,26580.0,23.625,39.495357142857145,100.0,13160.0,8120.0,5200.0,0.0,2754.0,85.0,3.5,5.0,2236.714285714286,98.0,2.7142857142857144,7.0
2025-12-06,1,67.5,48.0,32.0,28.0,93.0,86.0,93.0,58.0,21.0,30.1,Legs,Legs (isolation),Seated Hamstring Curls,2.0,20.0,40.0,1600.0,66.67,55.0,580.0,26580.0,23.625,39.495357142857145,100.0,13160.0,8120.0,5200.0,0.0,2754.0,85.0,3.5,5.0,2236.714285714286,98.0,2.7142857142857144,7.0
2025-12-06,1,67.5,48.0,32.0,28.0,93.0,86.0,93.0,58.0,21.0,30.1,Legs,Hips/Glutes (abductor),Outer Thigh Abduction,2.0,20.0,20.0,800.0,33.33,55.0,580.0,26580.0,23.625,39.495357142857145,100.0,13160.0,8120.0,5200.0,0.0,2754.0,85.0,3.5,5.0,2236.714285714286,98.0,2.7142857142857144,7.0
2025-12-06,1,67.5,48.0,32.0,28.0,93.0,86.0,93.0,58.0,21.0,30.1,Legs,Hips/Adductors,Inner Thigh Abduction,2.0,20.0,20.0,800.0,33.33,55.0,580.0,26580.0,23.625,39.495357142857145,100.0,13160.0,8120.0,5200.0,0.0,2754.0,85.0,3.5,5.0,2236.714285714286,98.0,2.7142857142857144,7.0
2025-12-06,1,67.5,48.0,32.0,28.0,93.0,86.0,93.0,58.0,21.0,30.1,Legs,Calf,Standing Barbell Calf Raise,2.0,20.0,40.0,1600.0,66.67,55.0,580.0,26580.0,23.625,39.495357142857145,100.0,13160.0,8120.0,5200.0,0.0,2754.0,85.0,3.5,5.0,2236.714285714286,98.0,2.7142857142857144,7.0
2025-12-07,1,67.5,48.0,32.0,28.0,93.0,86.0,93.0,58.0,21.0,30.1,0,0,0,0.0,0.0,0.0,0.0,0.0,55.0,580.0,26580.0,23.625,39.495357142857145,100.0,13160.0,8120.0,5200.0,0.0,2248.0,64.0,3.0,5.0,2236.714285714286,98.0,2.7142857142857144,7.0
2025-12-08,2,72.55,48.0,32.0,28.0,94.0,85.0,96.0,58.0,23.2,31.5,Pull,Biceps,Biceps Cable Curl,2.0,20.0,30.0,1200.0,50.0,50.0,644.0,26758.0,21.46,39.2992,50.0,13560.0,6978.0,6130.0,0.0,2679.0,106.0,2.0,5.0,2188.285714285714,94.14285714285714,2.2857142857142856,7.0
2025-12-08,2,72.55,48.0,32.0,28.0,94.0,85.0,96.0,58.0,23.2,31.5,Push,Chest (compound),Flat Bench Press,2.0,20.0,30.0,1200.0,50.0,50.0,644.0,26758.0,21.46,39.2992,50.0,13560.0,6978.0,6130.0,0.0,2679.0,106.0,2.0,5.0,2188.285714285714,94.14285714285714,2.2857142857142856,7.0
2025-12-08,2,72.55,48.0,32.0,28.0,94.0,85.0,96.0,58.0,23.2,31.5,Push,Chest (isolation),Pec Deck ,2.0,20.0,20.0,800.0,33.33,50.0,644.0,26758.0,21.46,39.2992,50.0,13560.0,6978.0,6130.0,0.0,2679.0,106.0,2.0,5.0,2188.285714285714,94.14285714285714,2.2857142857142856,7.0
2025-12-08,2,72.55,48.0,32.0,28.0,94.0,85.0,96.0,58.0,23.2,31.5,Push,Shoulders,Dumbbell Shoulder Press,2.0,20.0,10.0,400.0,16.67,50.0,644.0,26758.0,21.46,39.2992,50.0,13560.0,6978.0,6130.0,0.0,2679.0,106.0,2.0,5.0,2188.285714285714,94.14285714285714,2.2857142857142856,7.0
2025-12-08,2,72.55,48.0,32.0,28.0,94.0,85.0,96.0,58.0,23.2,31.5,Push,Shoulders,Hip-height Cable Lateral Raises,2.0,40.0,5.0,400.0,11.67,50.0,644.0,26758.0,21.46,39.2992,50.0,13560.0,6978.0,6130.0,0.0,2679.0,106.0,2.0,5.0,2188.285714285714,94.14285714285714,2.2857142857142856,7.0
2025-12-08,2,72.55,48.0,32.0,28.0,94.0,85.0,96.0,58.0,23.2,31.5,Push,Triceps,Isolated Tricep Pushdown,2.0,20.0,10.0,400.0,16.67,50.0,644.0,26758.0,21.46,39.2992,50.0,13560.0,6978.0,6130.0,0.0,2679.0,106.0,2.0,5.0,2188.285714285714,94.14285714285714,2.2857142857142856,7.0
2025-12-09,2,72.55,48.0,32.0,28.0,94.0,85.0,96.0,58.0,23.2,31.5,0,0,0,0.0,0.0,0.0,0.0,0.0,50.0,644.0,26758.0,21.46,39.2992,50.0,13560.0,6978.0,6130.0,0.0,2111.0,100.0,2.5,5.0,2188.285714285714,94.14285714285714,2.2857142857142856,7.0
2025-12-10,2,72.55,48.0,32.0,28.0,94.0,85.0,96.0,58.0,23.2,31.5,Core,Core,Crunches,2.0,25.0,1.0,50.0,1.83,50.0,644.0,26758.0,21.46,39.2992,50.0,13560.0,6978.0,6130.0,0.0,2346.0,145.0,2.0,5.0,2188.285714285714,94.14285714285714,2.2857142857142856,7.0
2025-12-10,2,72.55,48.0,32.0,28.0,94.0,85.0,96.0,58.0,23.2,31.5,Legs,Legs (compound),Smith Machine Back Squat,2.0,20.0,40.0,1600.0,66.67,50.0,644.0,26758.0,21.46,39.2992,50.0,13560.0,6978.0,6130.0,0.0,2346.0,145.0,2.0,5.0,2188.285714285714,94.14285714285714,2.2857142857142856,7.0
2025-12-10,2,72.55,48.0,32.0,28.0,94.0,85.0,96.0,58.0,23.2,31.5,Legs,Legs (isolation),Leg Extension,2.0,20.0,30.0,1200.0,50.0,50.0,644.0,26758.0,21.46,39.2992,50.0,13560.0,6978.0,6130.0,0.0,2346.0,145.0,2.0,5.0,2188.285714285714,94.14285714285714,2.2857142857142856,7.0
2025-12-10,2,72.55,48.0,32.0,28.0,94.0,85.0,96.0,58.0,23.2,31.5,Legs,Legs (isolation),Seated Hamstring Curls,2.0,20.0,50.0,2000.0,83.33,50.0,644.0,26758.0,21.46,39.2992,50.0,13560.0,6978.0,6130.0,0.0,2346.0,145.0,2.0,5.0,2188.285714285714,94.14285714285714,2.2857142857142856,7.0
2025-12-10,2,72.55,48.0,32.0,28.0,94.0,85.0,96.0,58.0,23.2,31.5,Legs,Calves,Standing Barbell Calf Raise,2.0,20.0,30.0,1200.0,50.0,50.0,644.0,26758.0,21.46,39.2992,50.0,13560.0,6978.0,6130.0,0.0,2346.0,145.0,2.0,5.0,2188.285714285714,94.14285714285714,2.2857142857142856,7.0
2025-12-10,2,72.55,48.0,32.0,28.0,94.0,85.0,96.0,58.0,23.2,31.5,Posterior Chain,Lower Back,Roman Chair Back Extension,2.0,20.0,1.0,40.0,1.67,50.0,644.0,26758.0,21.46,39.2992,50.0,13560.0,6978.0,6130.0,0.0,2346.0,145.0,2.0,5.0,2188.285714285714,94.14285714285714,2.2857142857142856,7.0
2025-12-11,2,72.55,48.0,32.0,28.0,94.0,85.0,96.0,58.0,23.2,31.5,Pull,Back (compound),Wide-Grip Lat Pulldown,2.0,24.0,30.0,1440.0,54.0,50.0,644.0,26758.0,21.46,39.2992,50.0,13560.0,6978.0,6130.0,0.0,2303.0,85.0,2.0,5.0,2188.285714285714,94.14285714285714,2.2857142857142856,7.0
2025-12-11,2,72.55,48.0,32.0,28.0,94.0,85.0,96.0,58.0,23.2,31.5,Pull,Back (compound),Single Arm Cable Row,2.0,30.0,30.0,1800.0,60.0,50.0,644.0,26758.0,21.46,39.2992,50.0,13560.0,6978.0,6130.0,0.0,2303.0,85.0,2.0,5.0,2188.285714285714,94.14285714285714,2.2857142857142856,7.0
2025-12-11,2,72.55,48.0,32.0,28.0,94.0,85.0,96.0,58.0,23.2,31.5,Pull,Biceps,Preacher Curl Dumbbell,2.0,26.0,4.5,234.0,8.4,50.0,644.0,26758.0,21.46,39.2992,50.0,13560.0,6978.0,6130.0,0.0,2303.0,85.0,2.0,5.0,2188.285714285714,94.14285714285714,2.2857142857142856,7.0
2025-12-11,2,72.55,48.0,32.0,28.0,94.0,85.0,96.0,58.0,23.2,31.5,Push,Chest (compound),Incline Chest Press,2.0,20.0,40.0,1600.0,66.67,50.0,644.0,26758.0,21.46,39.2992,50.0,13560.0,6978.0,6130.0,0.0,2303.0,85.0,2.0,5.0,2188.285714285714,94.14285714285714,2.2857142857142856,7.0
2025-12-11,2,72.55,48.0,32.0,28.0,94.0,85.0,96.0,58.0,23.2,31.5,Push,Shoulders (compound),Dumbbell Shoulder Press,2.0,30.0,12.5,750.0,25.0,50.0,644.0,26758.0,21.46,39.2992,50.0,13560.0,6978.0,6130.0,0.0,2303.0,85.0,2.0,5.0,2188.285714285714,94.14285714285714,2.2857142857142856,7.0
2025-12-11,2,72.55,48.0,32.0,28.0,94.0,85.0,96.0,58.0,23.2,31.5,Push,Shoulders (isolation),Hip-height Cable Lateral Raises,2.0,40.0,5.0,400.0,11.67,50.0,644.0,26758.0,21.46,39.2992,50.0,13560.0,6978.0,6130.0,0.0,2303.0,85.0,2.0,5.0,2188.285714285714,94.14285714285714,2.2857142857142856,7.0
2025-12-11,2,72.55,48.0,32.0,28.0,94.0,85.0,96.0,58.0,23.2,31.5,Push,Triceps,Isolated Tricep Pushdown,2.0,20.0,4.5,180.0,7.5,50.0,644.0,26758.0,21.46,39.2992,50.0,13560.0,6978.0,6130.0,0.0,2303.0,85.0,2.0,5.0,2188.285714285714,94.14285714285714,2.2857142857142856,7.0
2025-12-12,2,72.55,48.0,32.0,28.0,94.0,85.0,96.0,58.0,23.2,31.5,Legs,Legs (compound),Back Squat,2.0,24.0,30.0,1440.0,54.0,50.0,644.0,26758.0,21.46,39.2992,50.0,13560.0,6978.0,6130.0,0.0,2288.0,87.0,3.0,5.0,2188.285714285714,94.14285714285714,2.2857142857142856,7.0
2025-12-12,2,72.55,48.0,32.0,28.0,94.0,85.0,96.0,58.0,23.2,31.5,Legs,Legs (isolation),Isolated Leg Extension,2.0,57.0,30.0,3420.0,87.0,50.0,644.0,26758.0,21.46,39.2992,50.0,13560.0,6978.0,6130.0,0.0,2288.0,87.0,3.0,5.0,2188.285714285714,94.14285714285714,2.2857142857142856,7.0
2025-12-12,2,72.55,48.0,32.0,28.0,94.0,85.0,96.0,58.0,23.2,31.5,Legs,Hips/Glutes (abductor),Outer Thigh Abduction,2.0,30.0,20.0,1200.0,40.0,50.0,644.0,26758.0,21.46,39.2992,50.0,13560.0,6978.0,6130.0,0.0,2288.0,87.0,3.0,5.0,2188.285714285714,94.14285714285714,2.2857142857142856,7.0
2025-12-12,2,72.55,48.0,32.0,28.0,94.0,85.0,96.0,58.0,23.2,31.5,Legs,Hips/Adductors,Inner Thigh Abduction,2.0,30.0,25.0,1500.0,50.0,50.0,644.0,26758.0,21.46,39.2992,50.0,13560.0,6978.0,6130.0,0.0,2288.0,87.0,3.0,5.0,2188.285714285714,94.14285714285714,2.2857142857142856,7.0
2025-12-12,2,72.55,48.0,32.0,28.0,94.0,85.0,96.0,58.0,23.2,31.5,Pull,Forearms/Grip,Forearm Curl Dumbbell,2.0,24.0,8.0,384.0,14.4,50.0,644.0,26758.0,21.46,39.2992,50.0,13560.0,6978.0,6130.0,0.0,2288.0,87.0,3.0,5.0,2188.285714285714,94.14285714285714,2.2857142857142856,7.0
2025-12-12,2,72.55,48.0,32.0,28.0,94.0,85.0,96.0,58.0,23.2,31.5,Pull,Traps,Trap Bar Shrugs,2.0,24.0,40.0,1920.0,72.0,50.0,644.0,26758.0,21.46,39.2992,50.0,13560.0,6978.0,6130.0,0.0,2288.0,87.0,3.0,5.0,2188.285714285714,94.14285714285714,2.2857142857142856,7.0
2025-12-13,2,72.55,48.0,32.0,28.0,94.0,85.0,96.0,58.0,23.2,31.5,0,0,0,0.0,0.0,0.0,0.0,0.0,50.0,644.0,26758.0,21.46,39.2992,50.0,13560.0,6978.0,6130.0,0.0,1787.0,67.0,2.5,5.0,2188.285714285714,94.14285714285714,2.2857142857142856,7.0
2025-12-14,2,72.55,48.0,32.0,28.0,94.0,85.0,96.0,58.0,23.2,31.5,0,0,0,0.0,0.0,0.0,0.0,0.0,50.0,644.0,26758.0,21.46,39.2992,50.0,13560.0,6978.0,6130.0,0.0,1804.0,69.0,2.0,5.0,2188.285714285714,94.14285714285714,2.2857142857142856,7.0
2025-12-15,3,71.5,49.0,32.5,28.5,94.0,85.0,94.5,57.0,22.0,31.8,0,0,0,0.0,0.0,0.0,0.0,0.0,32.0,430.0,20112.0,22.875,43.825,50.0,12700.0,5742.0,1620.0,0.0,2134.0,74.0,3.0,5.0,1866.0,80.14285714285714,2.4285714285714284,7.0
2025-12-16,3,71.5,49.0,32.5,28.5,94.0,85.0,94.5,57.0,22.0,31.8,0,0,0,0.0,0.0,0.0,0.0,0.0,32.0,430.0,20112.0,22.875,43.825,50.0,12700.0,5742.0,1620.0,0.0,1874.0,98.0,3.0,5.0,1866.0,80.14285714285714,2.4285714285714284,7.0
2025-12-17,3,71.5,49.0,32.5,28.5,94.0,85.0,94.5,57.0,22.0,31.8,Pull,Back (compound),Wide-Grip Lat Pulldown,2.0,30.0,32.5,1950.0,65.0,32.0,430.0,20112.0,22.875,43.825,50.0,12700.0,5742.0,1620.0,0.0,1662.0,78.0,2.5,5.0,1866.0,80.14285714285714,2.4285714285714284,7.0
2025-12-17,3,71.5,49.0,32.5,28.5,94.0,85.0,94.5,57.0,22.0,31.8,Pull,Back (compound),Single Arm Cable Row,2.0,24.0,19.0,912.0,34.2,32.0,430.0,20112.0,22.875,43.825,50.0,12700.0,5742.0,1620.0,0.0,1662.0,78.0,2.5,5.0,1866.0,80.14285714285714,2.4285714285714284,7.0
2025-12-17,3,71.5,49.0,32.5,28.5,94.0,85.0,94.5,57.0,22.0,31.8,Push,Shoulders (compound),Dumbbell Shoulder Press,2.0,20.0,12.5,500.0,20.83,32.0,430.0,20112.0,22.875,43.825,50.0,12700.0,5742.0,1620.0,0.0,1662.0,78.0,2.5,5.0,1866.0,80.14285714285714,2.4285714285714284,7.0
2025-12-17,3,71.5,49.0,32.5,28.5,94.0,85.0,94.5,57.0,22.0,31.8,Push,Shoulders (isolation),Hip-height Cable Lateral Raises,2.0,40.0,5.0,400.0,11.67,32.0,430.0,20112.0,22.875,43.825,50.0,12700.0,5742.0,1620.0,0.0,1662.0,78.0,2.5,5.0,1866.0,80.14285714285714,2.4285714285714284,7.0
2025-12-17,3,71.5,49.0,32.5,28.5,94.0,85.0,94.5,57.0,22.0,31.8,Push,Chest (compound),Dumbbell Bench Press,2.0,20.0,10.0,400.0,16.67,32.0,430.0,20112.0,22.875,43.825,50.0,12700.0,5742.0,1620.0,0.0,1662.0,78.0,2.5,5.0,1866.0,80.14285714285714,2.4285714285714284,7.0
2025-12-17,3,71.5,49.0,32.5,28.5,94.0,85.0,94.5,57.0,22.0,31.8,Push,Triceps,Isolated Tricep Pushdown,2.0,16.0,10.0,320.0,15.33,32.0,430.0,20112.0,22.875,43.825,50.0,12700.0,5742.0,1620.0,0.0,1662.0,78.0,2.5,5.0,1866.0,80.14285714285714,2.4285714285714284,7.0
2025-12-18,3,71.5,49.0,32.5,28.5,94.0,85.0,94.5,57.0,22.0,31.8,0,0,0,0.0,0.0,0.0,0.0,0.0,32.0,430.0,20112.0,22.875,43.825,50.0,12700.0,5742.0,1620.0,0.0,1904.0,77.0,2.0,5.0,1866.0,80.14285714285714,2.4285714285714284,7.0
2025-12-19,3,71.5,49.0,32.5,28.5,94.0,85.0,94.5,57.0,22.0,31.8,Core,Core,Crunches,2.0,25.0,1.0,50.0,1.83,32.0,430.0,20112.0,22.875,43.825,50.0,12700.0,5742.0,1620.0,0.0,1987.0,93.0,2.0,5.0,1866.0,80.14285714285714,2.4285714285714284,7.0
2025-12-19,3,71.5,49.0,32.5,28.5,94.0,85.0,94.5,57.0,22.0,31.8,Legs,Legs (compound),Back Squat,2.0,28.0,30.0,1680.0,58.0,32.0,430.0,20112.0,22.875,43.825,50.0,12700.0,5742.0,1620.0,0.0,1987.0,93.0,2.0,5.0,1866.0,80.14285714285714,2.4285714285714284,7.0
2025-12-19,3,71.5,49.0,32.5,28.5,94.0,85.0,94.5,57.0,22.0,31.8,Legs,Legs (isolation),Leg Extension,2.0,35.0,40.0,2800.0,86.67,32.0,430.0,20112.0,22.875,43.825,50.0,12700.0,5742.0,1620.0,0.0,1987.0,93.0,2.0,5.0,1866.0,80.14285714285714,2.4285714285714284,7.0
2025-12-19,3,71.5,49.0,32.5,28.5,94.0,85.0,94.5,57.0,22.0,31.8,Legs,Legs (isolation),Seated Hamstring Curls,2.0,30.0,60.0,3600.0,120.0,32.0,430.0,20112.0,22.875,43.825,50.0,12700.0,5742.0,1620.0,0.0,1987.0,93.0,2.0,5.0,1866.0,80.14285714285714,2.4285714285714284,7.0
2025-12-19,3,71.5,49.0,32.5,28.5,94.0,85.0,94.5,57.0,22.0,31.8,Legs,Hips/Glutes (abductor),Outer Thigh Abduction,2.0,30.0,25.0,1500.0,50.0,32.0,430.0,20112.0,22.875,43.825,50.0,12700.0,5742.0,1620.0,0.0,1987.0,93.0,2.0,5.0,1866.0,80.14285714285714,2.4285714285714284,7.0
2025-12-19,3,71.5,49.0,32.5,28.5,94.0,85.0,94.5,57.0,22.0,31.8,Legs,Hips/Adductors,Inner Thigh Abduction,2.0,24.0,25.0,1200.0,45.0,32.0,430.0,20112.0,22.875,43.825,50.0,12700.0,5742.0,1620.0,0.0,1987.0,93.0,2.0,5.0,1866.0,80.14285714285714,2.4285714285714284,7.0
2025-12-19,3,71.5,49.0,32.5,28.5,94.0,85.0,94.5,57.0,22.0,31.8,Legs,Calves,Standing Barbell Calf Raise,2.0,24.0,40.0,1920.0,72.0,32.0,430.0,20112.0,22.875,43.825,50.0,12700.0,5742.0,1620.0,0.0,1987.0,93.0,2.0,5.0,1866.0,80.14285714285714,2.4285714285714284,7.0
2025-12-19,3,71.5,49.0,32.5,28.5,94.0,85.0,94.5,57.0,22.0,31.8,Pull,Forearms/Grip,Seated Dumbbell Wrist Curls,2.0,30.0,8.0,480.0,16.0,32.0,430.0,20112.0,22.875,43.825,50.0,12700.0,5742.0,1620.0,0.0,1987.0,93.0,2.0,5.0,1866.0,80.14285714285714,2.4285714285714284,7.0
2025-12-19,3,71.5,49.0,32.5,28.5,94.0,85.0,94.5,57.0,22.0,31.8,Pull,Forearms/Grip,Seated Dumbbell Reverse Wrist Curls,2.0,30.0,8.0,480.0,16.0,32.0,430.0,20112.0,22.875,43.825,50.0,12700.0,5742.0,1620.0,0.0,1987.0,93.0,2.0,5.0,1866.0,80.14285714285714,2.4285714285714284,7.0
2025-12-19,3,71.5,49.0,32.5,28.5,94.0,85.0,94.5,57.0,22.0,31.8,Pull,Traps,Trap Bar Shrugs,2.0,24.0,40.0,1920.0,72.0,32.0,430.0,20112.0,22.875,43.825,50.0,12700.0,5742.0,1620.0,0.0,1987.0,93.0,2.0,5.0,1866.0,80.14285714285714,2.4285714285714284,7.0
2025-12-20,3,71.5,49.0,32.5,28.5,94.0,85.0,94.5,57.0,22.0,31.8,0,0,0,0.0,0.0,0.0,0.0,0.0,32.0,430.0,20112.0,22.875,43.825,50.0,12700.0,5742.0,1620.0,0.0,1729.0,78.0,2.5,5.0,1866.0,80.14285714285714,2.4285714285714284,7.0
2025-12-21,3,71.5,49.0,32.5,28.5,94.0,85.0,94.5,57.0,22.0,31.8,0,0,0,0.0,0.0,0.0,0.0,0.0,32.0,430.0,20112.0,22.875,43.825,50.0,12700.0,5742.0,1620.0,0.0,1772.0,63.0,2.0,5.0,1866.0,80.14285714285714,2.4285714285714284,7.0
2025-12-22,4,70.7,50.0,32.5,28.5,95.0,84.0,93.0,56.0,20.5,32.2,Pull,Biceps ,Biceps Cable Curl,2.0,20.0,30.0,1200.0,50.0,50.0,582.0,30672.0,25.34,45.7888,100.0,14926.0,8670.0,6976.0,0.0,1912.0,58.0,2.5,5.0,2352.285714285714,101.85714285714286,2.5,7.0
2025-12-22,4,70.7,50.0,32.5,28.5,95.0,84.0,93.0,56.0,20.5,32.2,Push,Chest (compound),Dumbbell Bench Press,2.0,22.0,12.5,550.0,21.67,50.0,582.0,30672.0,25.34,45.7888,100.0,14926.0,8670.0,6976.0,0.0,1912.0,58.0,2.5,5.0,2352.285714285714,101.85714285714286,2.5,7.0
2025-12-22,4,70.7,50.0,32.5,28.5,95.0,84.0,93.0,56.0,20.5,32.2,Push,Chest (isolation),Pec Deck ,2.0,19.0,30.0,1140.0,49.0,50.0,582.0,30672.0,25.34,45.7888,100.0,14926.0,8670.0,6976.0,0.0,1912.0,58.0,2.5,5.0,2352.285714285714,101.85714285714286,2.5,7.0
2025-12-22,4,70.7,50.0,32.5,28.5,95.0,84.0,93.0,56.0,20.5,32.2,Push,Shoulders (compound),Dumbbell Shoulder Press,2.0,22.0,12.5,550.0,21.67,50.0,582.0,30672.0,25.34,45.7888,100.0,14926.0,8670.0,6976.0,0.0,1912.0,58.0,2.5,5.0,2352.285714285714,101.85714285714286,2.5,7.0
2025-12-22,4,70.7,50.0,32.5,28.5,95.0,84.0,93.0,56.0,20.5,32.2,Push,Shoulders (isolation),Hip-height Cable Lateral Raises,2.0,22.0,10.0,440.0,17.33,50.0,582.0,30672.0,25.34,45.7888,100.0,14926.0,8670.0,6976.0,0.0,1912.0,58.0,2.5,5.0,2352.285714285714,101.85714285714286,2.5,7.0
2025-12-22,4,70.7,50.0,32.5,28.5,95.0,84.0,93.0,56.0,20.5,32.2,Push,Triceps,Overhead Triceps Extensions,2.0,19.0,25.0,950.0,40.83,50.0,582.0,30672.0,25.34,45.7888,100.0,14926.0,8670.0,6976.0,0.0,1912.0,58.0,2.5,5.0,2352.285714285714,101.85714285714286,2.5,7.0
2025-12-23,4,70.7,50.0,32.5,28.5,95.0,84.0,93.0,56.0,20.5,32.2,Core,Core,Reverse Crunch,2.0,25.0,1.0,50.0,1.83,50.0,582.0,30672.0,25.34,45.7888,100.0,14926.0,8670.0,6976.0,0.0,2723.0,157.0,2.5,5.0,2352.285714285714,101.85714285714286,2.5,7.0
2025-12-23,4,70.7,50.0,32.5,28.5,95.0,84.0,93.0,56.0,20.5,32.2,Legs,Legs (compound),Back Squat,2.0,20.0,40.0,1600.0,66.67,50.0,582.0,30672.0,25.34,45.7888,100.0,14926.0,8670.0,6976.0,0.0,2723.0,157.0,2.5,5.0,2352.285714285714,101.85714285714286,2.5,7.0
2025-12-23,4,70.7,50.0,32.5,28.5,95.0,84.0,93.0,56.0,20.5,32.2,Legs,Legs (isolation),Leg Extension,2.0,35.0,43.0,3010.0,93.17,50.0,582.0,30672.0,25.34,45.7888,100.0,14926.0,8670.0,6976.0,0.0,2723.0,157.0,2.5,5.0,2352.285714285714,101.85714285714286,2.5,7.0
2025-12-23,4,70.7,50.0,32.5,28.5,95.0,84.0,93.0,56.0,20.5,32.2,Legs,Legs (isolation),Seated Hamstring Curls,2.0,33.0,43.0,2838.0,90.3,50.0,582.0,30672.0,25.34,45.7888,100.0,14926.0,8670.0,6976.0,0.0,2723.0,157.0,2.5,5.0,2352.285714285714,101.85714285714286,2.5,7.0
2025-12-23,4,70.7,50.0,32.5,28.5,95.0,84.0,93.0,56.0,20.5,32.2,Pull,Traps,Kettlebell Shrugs,2.0,20.0,40.0,1600.0,66.67,50.0,582.0,30672.0,25.34,45.7888,100.0,14926.0,8670.0,6976.0,0.0,2723.0,157.0,2.5,5.0,2352.285714285714,101.85714285714286,2.5,7.0
2025-12-24,4,70.7,50.0,32.5,28.5,95.0,84.0,93.0,56.0,20.5,32.2,0,0,0,0.0,0.0,0.0,0.0,0.0,50.0,582.0,30672.0,25.34,45.7888,100.0,14926.0,8670.0,6976.0,0.0,2905.0,119.0,2.5,5.0,2352.285714285714,101.85714285714286,2.5,7.0
2025-12-25,4,70.7,50.0,32.5,28.5,95.0,84.0,93.0,56.0,20.5,32.2,0,0,0,0.0,0.0,0.0,0.0,0.0,50.0,582.0,30672.0,25.34,45.7888,100.0,14926.0,8670.0,6976.0,0.0,2221.0,80.0,2.5,5.0,2352.285714285714,101.85714285714286,2.5,7.0
2025-12-26,4,70.7,50.0,32.5,28.5,95.0,84.0,93.0,56.0,20.5,32.2,Pull,Back (compound),Wide-Grip Lat Pulldown,2.0,21.0,45.0,1890.0,76.5,50.0,582.0,30672.0,25.34,45.7888,100.0,14926.0,8670.0,6976.0,0.0,2328.0,109.0,2.5,5.0,2352.285714285714,101.85714285714286,2.5,7.0
2025-12-26,4,70.7,50.0,32.5,28.5,95.0,84.0,93.0,56.0,20.5,32.2,Pull,Back (compound),Iso-Lateral Low Row,2.0,53.0,30.0,3180.0,83.0,50.0,582.0,30672.0,25.34,45.7888,100.0,14926.0,8670.0,6976.0,0.0,2328.0,109.0,2.5,5.0,2352.285714285714,101.85714285714286,2.5,7.0
2025-12-26,4,70.7,50.0,32.5,28.5,95.0,84.0,93.0,56.0,20.5,32.2,Push,Chest (compound),Chest Press Machine,2.0,20.0,30.0,1200.0,50.0,50.0,582.0,30672.0,25.34,45.7888,100.0,14926.0,8670.0,6976.0,0.0,2328.0,109.0,2.5,5.0,2352.285714285714,101.85714285714286,2.5,7.0
2025-12-26,4,70.7,50.0,32.5,28.5,95.0,84.0,93.0,56.0,20.5,32.2,Push,Chest (isolation),Pec Deck ,2.0,24.0,32.0,1536.0,57.6,50.0,582.0,30672.0,25.34,45.7888,100.0,14926.0,8670.0,6976.0,0.0,2328.0,109.0,2.5,5.0,2352.285714285714,101.85714285714286,2.5,7.0
2025-12-26,4,70.7,50.0,32.5,28.5,95.0,84.0,93.0,56.0,20.5,32.2,Push,Shoulders (compound),Dumbbell Shoulder Press,2.0,18.0,12.5,450.0,20.0,50.0,582.0,30672.0,25.34,45.7888,100.0,14926.0,8670.0,6976.0,0.0,2328.0,109.0,2.5,5.0,2352.285714285714,101.85714285714286,2.5,7.0
2025-12-26,4,70.7,50.0,32.5,28.5,95.0,84.0,93.0,56.0,20.5,32.2,Push,Shoulders (isolation),Hip-height Cable Lateral Raises,2.0,16.0,5.0,160.0,7.67,50.0,582.0,30672.0,25.34,45.7888,100.0,14926.0,8670.0,6976.0,0.0,2328.0,109.0,2.5,5.0,2352.285714285714,101.85714285714286,2.5,7.0
2025-12-27,4,70.7,50.0,32.5,28.5,95.0,84.0,93.0,56.0,20.5,32.2,Core,Core,Crunches,2.0,25.0,1.0,50.0,1.83,50.0,582.0,30672.0,25.34,45.7888,100.0,14926.0,8670.0,6976.0,0.0,2144.0,103.0,2.5,5.0,2352.285714285714,101.85714285714286,2.5,7.0
2025-12-27,4,70.7,50.0,32.5,28.5,95.0,84.0,93.0,56.0,20.5,32.2,Legs,Legs (compound),Back Squat,2.0,20.0,40.0,1600.0,66.67,50.0,582.0,30672.0,25.34,45.7888,100.0,14926.0,8670.0,6976.0,0.0,2144.0,103.0,2.5,5.0,2352.285714285714,101.85714285714286,2.5,7.0
2025-12-27,4,70.7,50.0,32.5,28.5,95.0,84.0,93.0,56.0,20.5,32.2,Legs,Legs (isolation),Leg Extension,2.0,27.0,45.0,2430.0,85.5,50.0,582.0,30672.0,25.34,45.7888,100.0,14926.0,8670.0,6976.0,0.0,2144.0,103.0,2.5,5.0,2352.285714285714,101.85714285714286,2.5,7.0
2025-12-27,4,70.7,50.0,32.5,28.5,95.0,84.0,93.0,56.0,20.5,32.2,Legs,Legs (isolation),Lying Hamstring Curls,2.0,12.0,30.0,720.0,42.0,50.0,582.0,30672.0,25.34,45.7888,100.0,14926.0,8670.0,6976.0,0.0,2144.0,103.0,2.5,5.0,2352.285714285714,101.85714285714286,2.5,7.0
2025-12-27,4,70.7,50.0,32.5,28.5,95.0,84.0,93.0,56.0,20.5,32.2,Legs,Calves,Leg Press Calf Raise,2.0,24.0,36.0,1728.0,64.8,50.0,582.0,30672.0,25.34,45.7888,100.0,14926.0,8670.0,6976.0,0.0,2144.0,103.0,2.5,5.0,2352.285714285714,101.85714285714286,2.5,7.0
2025-12-27,4,70.7,50.0,32.5,28.5,95.0,84.0,93.0,56.0,20.5,32.2,Legs,Legs (compound),Dumbbell Wide Squat,2.0,25.0,20.0,1000.0,36.67,50.0,582.0,30672.0,25.34,45.7888,100.0,14926.0,8670.0,6976.0,0.0,2144.0,103.0,2.5,5.0,2352.285714285714,101.85714285714286,2.5,7.0
2025-12-27,4,70.7,50.0,32.5,28.5,95.0,84.0,93.0,56.0,20.5,32.2,Pull,Forearms/Grip,Seated Dumbbell Wrist Curls,2.0,20.0,10.0,400.0,16.67,50.0,582.0,30672.0,25.34,45.7888,100.0,14926.0,8670.0,6976.0,0.0,2144.0,103.0,2.5,5.0,2352.285714285714,101.85714285714286,2.5,7.0
2025-12-27,4,70.7,50.0,32.5,28.5,95.0,84.0,93.0,56.0,20.5,32.2,Pull,Forearms/Grip,Seated Dumbbell Reverse Wrist Curls,2.0,20.0,10.0,400.0,16.67,50.0,582.0,30672.0,25.34,45.7888,100.0,14926.0,8670.0,6976.0,0.0,2144.0,103.0,2.5,5.0,2352.285714285714,101.85714285714286,2.5,7.0
2025-12-28,4,70.7,50.0,32.5,28.5,95.0,84.0,93.0,56.0,20.5,32.2,0,0,0,0.0,0.0,0.0,0.0,0.0,50.0,582.0,30672.0,25.34,45.7888,100.0,14926.0,8670.0,6976.0,0.0,2233.0,87.0,2.5,5.0,2352.285714285714,101.85714285714286,2.5,7.0
2025-12-29,5,73.5,51.0,33.0,29.0,95.0,85.0,92.0,57.0,20.0,32.9,Pull,Traps,Barbell Shrugs,2.0,20.0,40.0,1600.0,66.67,40.0,509.0,25114.0,24.625,45.552499999999995,56.0,8344.0,8210.0,8504.0,0.0,2163.0,84.0,2.5,5.0,2341.5714285714284,103.14285714285714,2.642857142857143,7.0
2025-12-29,5,73.5,51.0,33.0,29.0,95.0,85.0,92.0,57.0,20.0,32.9,Push,Chest (compound),Dumbbell Bench Press,2.0,24.0,12.5,600.0,22.5,40.0,509.0,25114.0,24.625,45.552499999999995,56.0,8344.0,8210.0,8504.0,0.0,2163.0,84.0,2.5,5.0,2341.5714285714284,103.14285714285714,2.642857142857143,7.0
2025-12-29,5,73.5,51.0,33.0,29.0,95.0,85.0,92.0,57.0,20.0,32.9,Push,Chest (isolation),Pec Deck ,2.0,20.0,32.0,1280.0,53.33,40.0,509.0,25114.0,24.625,45.552499999999995,56.0,8344.0,8210.0,8504.0,0.0,2163.0,84.0,2.5,5.0,2341.5714285714284,103.14285714285714,2.642857142857143,7.0
2025-12-29,5,73.5,51.0,33.0,29.0,95.0,85.0,92.0,57.0,20.0,32.9,Push,Shoulders (compound),Shoulder Press Machine,2.0,19.0,50.0,1900.0,81.67,40.0,509.0,25114.0,24.625,45.552499999999995,56.0,8344.0,8210.0,8504.0,0.0,2163.0,84.0,2.5,5.0,2341.5714285714284,103.14285714285714,2.642857142857143,7.0
2025-12-29,5,73.5,51.0,33.0,29.0,95.0,85.0,92.0,57.0,20.0,32.9,Push,Shoulders (isolation),Hip-height Cable Lateral Raises,2.0,40.0,5.0,400.0,11.67,40.0,509.0,25114.0,24.625,45.552499999999995,56.0,8344.0,8210.0,8504.0,0.0,2163.0,84.0,2.5,5.0,2341.5714285714284,103.14285714285714,2.642857142857143,7.0
2025-12-29,5,73.5,51.0,33.0,29.0,95.0,85.0,92.0,57.0,20.0,32.9,Push,Triceps,Isolated Tricep Pushdown,2.0,16.0,10.0,320.0,15.33,40.0,509.0,25114.0,24.625,45.552499999999995,56.0,8344.0,8210.0,8504.0,0.0,2163.0,84.0,2.5,5.0,2341.5714285714284,103.14285714285714,2.642857142857143,7.0
2025-12-29,5,73.5,51.0,33.0,29.0,95.0,85.0,92.0,57.0,20.0,32.9,Push,Triceps,Cable Overhead Tricep Extension,2.0,25.0,10.0,500.0,18.33,40.0,509.0,25114.0,24.625,45.552499999999995,56.0,8344.0,8210.0,8504.0,0.0,2163.0,84.0,2.5,5.0,2341.5714285714284,103.14285714285714,2.642857142857143,7.0
2025-12-30,5,73.5,51.0,33.0,29.0,95.0,85.0,92.0,57.0,20.0,32.9,0,0,0,0.0,0.0,0.0,0.0,0.0,40.0,509.0,25114.0,24.625,45.552499999999995,56.0,8344.0,8210.0,8504.0,0.0,2419.0,127.0,3.0,5.0,2341.5714285714284,103.14285714285714,2.642857142857143,7.0
2025-12-31,5,73.5,51.0,33.0,29.0,95.0,85.0,92.0,57.0,20.0,32.9,0,0,0,0.0,0.0,0.0,0.0,0.0,40.0,509.0,25114.0,24.625,45.552499999999995,56.0,8344.0,8210.0,8504.0,0.0,2215.0,75.0,2.5,5.0,2341.5714285714284,103.14285714285714,2.642857142857143,7.0
2026-01-01,5,73.5,51.0,33.0,29.0,95.0,85.0,92.0,57.0,20.0,32.9,0,0,0,0.0,0.0,0.0,0.0,0.0,40.0,509.0,25114.0,24.625,45.552499999999995,56.0,8344.0,8210.0,8504.0,0.0,2508.0,114.0,2.0,5.0,2341.5714285714284,103.14285714285714,2.642857142857143,7.0
2026-01-02,5,73.5,51.0,33.0,29.0,95.0,85.0,92.0,57.0,20.0,32.9,Pull,Back (compound),Wide-Grip Lat Pulldown,2.0,30.0,40.0,2400.0,80.0,40.0,509.0,25114.0,24.625,45.552499999999995,56.0,8344.0,8210.0,8504.0,0.0,2648.0,117.0,2.5,5.0,2341.5714285714284,103.14285714285714,2.642857142857143,7.0
2026-01-02,5,73.5,51.0,33.0,29.0,95.0,85.0,92.0,57.0,20.0,32.9,Pull,Back (compound),Iso-Lateral Low Row,2.0,55.0,35.0,3850.0,99.17,40.0,509.0,25114.0,24.625,45.552499999999995,56.0,8344.0,8210.0,8504.0,0.0,2648.0,117.0,2.5,5.0,2341.5714285714284,103.14285714285714,2.642857142857143,7.0
2026-01-02,5,73.5,51.0,33.0,29.0,95.0,85.0,92.0,57.0,20.0,32.9,Pull,Biceps,Biceps Cable Curl,2.0,18.0,10.0,360.0,16.0,40.0,509.0,25114.0,24.625,45.552499999999995,56.0,8344.0,8210.0,8504.0,0.0,2648.0,117.0,2.5,5.0,2341.5714285714284,103.14285714285714,2.642857142857143,7.0
2026-01-02,5,73.5,51.0,33.0,29.0,95.0,85.0,92.0,57.0,20.0,32.9,Push,Chest (isolation),Pec Deck ,2.0,23.0,32.0,1472.0,56.53,40.0,509.0,25114.0,24.625,45.552499999999995,56.0,8344.0,8210.0,8504.0,0.0,2648.0,117.0,2.5,5.0,2341.5714285714284,103.14285714285714,2.642857142857143,7.0
2026-01-02,5,73.5,51.0,33.0,29.0,95.0,85.0,92.0,57.0,20.0,32.9,Push,Shoulders (compound),Shoulder Press Machine,2.0,23.0,32.0,1472.0,56.53,40.0,509.0,25114.0,24.625,45.552499999999995,56.0,8344.0,8210.0,8504.0,0.0,2648.0,117.0,2.5,5.0,2341.5714285714284,103.14285714285714,2.642857142857143,7.0
2026-01-02,5,73.5,51.0,33.0,29.0,95.0,85.0,92.0,57.0,20.0,32.9,Push,Triceps,Tricep Rope Pushdown,2.0,16.0,17.5,560.0,26.83,40.0,509.0,25114.0,24.625,45.552499999999995,56.0,8344.0,8210.0,8504.0,0.0,2648.0,117.0,2.5,5.0,2341.5714285714284,103.14285714285714,2.642857142857143,7.0
2026-01-03,5,73.5,51.0,33.0,29.0,95.0,85.0,92.0,57.0,20.0,32.9,Core,Core,Reverse Crunch,2.0,28.0,1.0,56.0,1.93,40.0,509.0,25114.0,24.625,45.552499999999995,56.0,8344.0,8210.0,8504.0,0.0,2283.0,118.0,3.5,5.0,2341.5714285714284,103.14285714285714,2.642857142857143,7.0
2026-01-03,5,73.5,51.0,33.0,29.0,95.0,85.0,92.0,57.0,20.0,32.9,Legs,Legs (isolation),Lying Hamstring Curls,2.0,24.0,18.0,864.0,32.4,40.0,509.0,25114.0,24.625,45.552499999999995,56.0,8344.0,8210.0,8504.0,0.0,2283.0,118.0,3.5,5.0,2341.5714285714284,103.14285714285714,2.642857142857143,7.0
2026-01-03,5,73.5,51.0,33.0,29.0,95.0,85.0,92.0,57.0,20.0,32.9,Legs,Legs (compound),Back Squat,2.0,22.0,40.0,1760.0,69.33,40.0,509.0,25114.0,24.625,45.552499999999995,56.0,8344.0,8210.0,8504.0,0.0,2283.0,118.0,3.5,5.0,2341.5714285714284,103.14285714285714,2.642857142857143,7.0
2026-01-03,5,73.5,51.0,33.0,29.0,95.0,85.0,92.0,57.0,20.0,32.9,Legs,Legs (isolation),Leg Extension,2.0,26.0,50.0,2600.0,93.33,40.0,509.0,25114.0,24.625,45.552499999999995,56.0,8344.0,8210.0,8504.0,0.0,2283.0,118.0,3.5,5.0,2341.5714285714284,103.14285714285714,2.642857142857143,7.0
2026-01-03,5,73.5,51.0,33.0,29.0,95.0,85.0,92.0,57.0,20.0,32.9,Legs,Legs (compound),Dumbbell Wide Squat,2.0,32.0,22.5,1440.0,46.5,40.0,509.0,25114.0,24.625,45.552499999999995,56.0,8344.0,8210.0,8504.0,0.0,2283.0,118.0,3.5,5.0,2341.5714285714284,103.14285714285714,2.642857142857143,7.0
2026-01-03,5,73.5,51.0,33.0,29.0,95.0,85.0,92.0,57.0,20.0,32.9,Legs,Calves,Seated Calf Raise,2.0,24.0,20.0,960.0,36.0,40.0,509.0,25114.0,24.625,45.552499999999995,56.0,8344.0,8210.0,8504.0,0.0,2283.0,118.0,3.5,5.0,2341.5714285714284,103.14285714285714,2.642857142857143,7.0
2026-01-03,5,73.5,51.0,33.0,29.0,95.0,85.0,92.0,57.0,20.0,32.9,Legs,Legs/Posterior Chain,Dumbbell Deadlift,2.0,24.0,15.0,720.0,27.0,40.0,509.0,25114.0,24.625,45.552499999999995,56.0,8344.0,8210.0,8504.0,0.0,2283.0,118.0,3.5,5.0,2341.5714285714284,103.14285714285714,2.642857142857143,7.0
2026-01-04,5,73.5,51.0,33.0,29.0,95.0,85.0,92.0,57.0,20.0,32.9,0,0,0,0.0,0.0,0.0,0.0,0.0,40.0,509.0,25114.0,24.625,45.552499999999995,56.0,8344.0,8210.0,8504.0,0.0,2155.0,87.0,2.5,5.0,2341.5714285714284,103.14285714285714,2.642857142857143,7.0
2026-01-05,6,74.7,51.0,34.0,29.0,96.0,87.0,92.0,58.0,21.6,33.7,Pull,Biceps,Biceps Cable Curl,2.0,22.0,15.0,660.0,26.0,58.0,784.0,36783.2,24.086206896551722,45.22551724137931,98.0,21956.0,7233.2,7496.0,0.0,3439.0,164.0,2.0,5.0,2744.285714285714,110.14285714285714,2.2142857142857144,7.0
2026-01-05,6,74.7,51.0,34.0,29.0,96.0,87.0,92.0,58.0,21.6,33.7,Pull,Biceps,Preacher Curl Barbell,2.0,30.0,13.6,816.0,27.2,58.0,784.0,36783.2,24.086206896551722,45.22551724137931,98.0,21956.0,7233.2,7496.0,0.0,3439.0,164.0,2.0,5.0,2744.285714285714,110.14285714285714,2.2142857142857144,7.0
2026-01-05,6,74.7,51.0,34.0,29.0,96.0,87.0,92.0,58.0,21.6,33.7,Push,Chest (compound),Dumbbell Bench Press,2.0,24.0,15.0,720.0,27.0,58.0,784.0,36783.2,24.086206896551722,45.22551724137931,98.0,21956.0,7233.2,7496.0,0.0,3439.0,164.0,2.0,5.0,2744.285714285714,110.14285714285714,2.2142857142857144,7.0
2026-01-05,6,74.7,51.0,34.0,29.0,96.0,87.0,92.0,58.0,21.6,33.7,Push,Chest (isolation),Pec Deck ,2.0,18.0,36.0,1296.0,57.6,58.0,784.0,36783.2,24.086206896551722,45.22551724137931,98.0,21956.0,7233.2,7496.0,0.0,3439.0,164.0,2.0,5.0,2744.285714285714,110.14285714285714,2.2142857142857144,7.0
2026-01-05,6,74.7,51.0,34.0,29.0,96.0,87.0,92.0,58.0,21.6,33.7,Push,Shoulders (compound),Dumbbell Shoulder Press,2.0,26.0,12.5,650.0,23.33,58.0,784.0,36783.2,24.086206896551722,45.22551724137931,98.0,21956.0,7233.2,7496.0,0.0,3439.0,164.0,2.0,5.0,2744.285714285714,110.14285714285714,2.2142857142857144,7.0
2026-01-05,6,74.7,51.0,34.0,29.0,96.0,87.0,92.0,58.0,21.6,33.7,Push,Shoulders (isolation),Hip-height Cable Lateral Raises,2.0,41.0,5.0,410.0,11.83,58.0,784.0,36783.2,24.086206896551722,45.22551724137931,98.0,21956.0,7233.2,7496.0,0.0,3439.0,164.0,2.0,5.0,2744.285714285714,110.14285714285714,2.2142857142857144,7.0
2026-01-06,6,74.7,51.0,34.0,29.0,96.0,87.0,92.0,58.0,21.6,33.7,0,0,0,0.0,0.0,0.0,0.0,0.0,58.0,784.0,36783.2,24.086206896551722,45.22551724137931,98.0,21956.0,7233.2,7496.0,0.0,2372.0,88.0,2.0,5.0,2744.285714285714,110.14285714285714,2.2142857142857144,7.0
2026-01-07,6,74.7,51.0,34.0,29.0,96.0,87.0,92.0,58.0,21.6,33.7,Core,Core,Decline Crunch,2.0,24.0,1.0,48.0,1.8,58.0,784.0,36783.2,24.086206896551722,45.22551724137931,98.0,21956.0,7233.2,7496.0,0.0,2350.0,107.0,2.5,5.0,2744.285714285714,110.14285714285714,2.2142857142857144,7.0
2026-01-07,6,74.7,51.0,34.0,29.0,96.0,87.0,92.0,58.0,21.6,33.7,Legs,Legs (compound),Back Squat,2.0,12.0,50.0,1200.0,70.0,58.0,784.0,36783.2,24.086206896551722,45.22551724137931,98.0,21956.0,7233.2,7496.0,0.0,2350.0,107.0,2.5,5.0,2744.285714285714,110.14285714285714,2.2142857142857144,7.0
2026-01-07,6,74.7,51.0,34.0,29.0,96.0,87.0,92.0,58.0,21.6,33.7,Legs,Legs (isolation),Leg Extension,2.0,28.0,50.0,2800.0,96.67,58.0,784.0,36783.2,24.086206896551722,45.22551724137931,98.0,21956.0,7233.2,7496.0,0.0,2350.0,107.0,2.5,5.0,2744.285714285714,110.14285714285714,2.2142857142857144,7.0
2026-01-07,6,74.7,51.0,34.0,29.0,96.0,87.0,92.0,58.0,21.6,33.7,Legs,Legs (isolation),Seated Hamstring Curls,2.0,31.0,50.0,3100.0,101.67,58.0,784.0,36783.2,24.086206896551722,45.22551724137931,98.0,21956.0,7233.2,7496.0,0.0,2350.0,107.0,2.5,5.0,2744.285714285714,110.14285714285714,2.2142857142857144,7.0
2026-01-07,6,74.7,51.0,34.0,29.0,96.0,87.0,92.0,58.0,21.6,33.7,Legs,Hips/Glutes (abductor),Outer Thigh Abduction,2.0,30.0,30.0,1800.0,60.0,58.0,784.0,36783.2,24.086206896551722,45.22551724137931,98.0,21956.0,7233.2,7496.0,0.0,2350.0,107.0,2.5,5.0,2744.285714285714,110.14285714285714,2.2142857142857144,7.0
2026-01-07,6,74.7,51.0,34.0,29.0,96.0,87.0,92.0,58.0,21.6,33.7,Legs,Hips/Adductors,Inner Thigh Abduction,2.0,32.0,30.0,1920.0,62.0,58.0,784.0,36783.2,24.086206896551722,45.22551724137931,98.0,21956.0,7233.2,7496.0,0.0,2350.0,107.0,2.5,5.0,2744.285714285714,110.14285714285714,2.2142857142857144,7.0
2026-01-07,6,74.7,51.0,34.0,29.0,96.0,87.0,92.0,58.0,21.6,33.7,Legs,Calves,Standing Barbell Calf Raise,2.0,24.0,40.0,1920.0,72.0,58.0,784.0,36783.2,24.086206896551722,45.22551724137931,98.0,21956.0,7233.2,7496.0,0.0,2350.0,107.0,2.5,5.0,2744.285714285714,110.14285714285714,2.2142857142857144,7.0
2026-01-08,6,74.7,51.0,34.0,29.0,96.0,87.0,92.0,58.0,21.6,33.7,Pull,Back (compound),Wide-Grip Lat Pulldown,2.0,26.0,39.0,2028.0,72.8,58.0,784.0,36783.2,24.086206896551722,45.22551724137931,98.0,21956.0,7233.2,7496.0,0.0,3465.0,93.0,2.5,5.0,2744.285714285714,110.14285714285714,2.2142857142857144,7.0
2026-01-08,6,74.7,51.0,34.0,29.0,96.0,87.0,92.0,58.0,21.6,33.7,Pull,Back (compound),Seated Cable Row - V Grip,2.0,26.0,19.5,1014.0,36.4,58.0,784.0,36783.2,24.086206896551722,45.22551724137931,98.0,21956.0,7233.2,7496.0,0.0,3465.0,93.0,2.5,5.0,2744.285714285714,110.14285714285714,2.2142857142857144,7.0
2026-01-08,6,74.7,51.0,34.0,29.0,96.0,87.0,92.0,58.0,21.6,33.7,Pull,Biceps,EZ Bar Preacher Curl,2.0,25.0,10.0,500.0,18.33,58.0,784.0,36783.2,24.086206896551722,45.22551724137931,98.0,21956.0,7233.2,7496.0,0.0,3465.0,93.0,2.5,5.0,2744.285714285714,110.14285714285714,2.2142857142857144,7.0
2026-01-08,6,74.7,51.0,34.0,29.0,96.0,87.0,92.0,58.0,21.6,33.7,Push,Chest (compound),Dumbbell Incline Bench Press,2.0,26.0,15.0,780.0,28.0,58.0,784.0,36783.2,24.086206896551722,45.22551724137931,98.0,21956.0,7233.2,7496.0,0.0,3465.0,93.0,2.5,5.0,2744.285714285714,110.14285714285714,2.2142857142857144,7.0
2026-01-08,6,74.7,51.0,34.0,29.0,96.0,87.0,92.0,58.0,21.6,33.7,Push,Chest (isolation),Pec Deck ,2.0,20.0,35.0,1400.0,58.33,58.0,784.0,36783.2,24.086206896551722,45.22551724137931,98.0,21956.0,7233.2,7496.0,0.0,3465.0,93.0,2.5,5.0,2744.285714285714,110.14285714285714,2.2142857142857144,7.0
2026-01-08,6,74.7,51.0,34.0,29.0,96.0,87.0,92.0,58.0,21.6,33.7,Push,Triceps,Isolated Tricep Pushdown,2.0,44.0,15.0,1320.0,37.0,58.0,784.0,36783.2,24.086206896551722,45.22551724137931,98.0,21956.0,7233.2,7496.0,0.0,3465.0,93.0,2.5,5.0,2744.285714285714,110.14285714285714,2.2142857142857144,7.0
2026-01-08,6,74.7,51.0,34.0,29.0,96.0,87.0,92.0,58.0,21.6,33.7,Push,Triceps,Overhead Triceps Extensions,2.0,23.0,20.0,920.0,35.33,58.0,784.0,36783.2,24.086206896551722,45.22551724137931,98.0,21956.0,7233.2,7496.0,0.0,3465.0,93.0,2.5,5.0,2744.285714285714,110.14285714285714,2.2142857142857144,7.0
2026-01-09,6,74.7,51.0,34.0,29.0,96.0,87.0,92.0,58.0,21.6,33.7,0,0,0,0.0,0.0,0.0,0.0,0.0,58.0,784.0,36783.2,24.086206896551722,45.22551724137931,98.0,21956.0,7233.2,7496.0,0.0,2317.0,84.0,2.0,5.0,2744.285714285714,110.14285714285714,2.2142857142857144,7.0
2026-01-10,6,74.7,51.0,34.0,29.0,96.0,87.0,92.0,58.0,21.6,33.7,Core,Core,Reverse Crunch,2.0,25.0,1.0,50.0,1.83,58.0,784.0,36783.2,24.086206896551722,45.22551724137931,98.0,21956.0,7233.2,7496.0,0.0,2277.0,96.0,2.5,5.0,2744.285714285714,110.14285714285714,2.2142857142857144,7.0
2026-01-10,6,74.7,51.0,34.0,29.0,96.0,87.0,92.0,58.0,21.6,33.7,Legs,Legs (compound),Smith Machine Back Squat,2.0,50.0,27.0,2700.0,72.0,58.0,784.0,36783.2,24.086206896551722,45.22551724137931,98.0,21956.0,7233.2,7496.0,0.0,2277.0,96.0,2.5,5.0,2744.285714285714,110.14285714285714,2.2142857142857144,7.0
2026-01-10,6,74.7,51.0,34.0,29.0,96.0,87.0,92.0,58.0,21.6,33.7,Legs,Legs (isolation),Leg Extension,2.0,27.0,50.0,2700.0,95.0,58.0,784.0,36783.2,24.086206896551722,45.22551724137931,98.0,21956.0,7233.2,7496.0,0.0,2277.0,96.0,2.5,5.0,2744.285714285714,110.14285714285714,2.2142857142857144,7.0
2026-01-10,6,74.7,51.0,34.0,29.0,96.0,87.0,92.0,58.0,21.6,33.7,Legs,Legs (isolation),Seated Hamstring Curls,2.0,26.0,50.0,2600.0,93.33,58.0,784.0,36783.2,24.086206896551722,45.22551724137931,98.0,21956.0,7233.2,7496.0,0.0,2277.0,96.0,2.5,5.0,2744.285714285714,110.14285714285714,2.2142857142857144,7.0
2026-01-10,6,74.7,51.0,34.0,29.0,96.0,87.0,92.0,58.0,21.6,33.7,Legs,Hips/Glutes (abductor),Cable Hip Abduction,2.0,22.0,14.0,616.0,24.27,58.0,784.0,36783.2,24.086206896551722,45.22551724137931,98.0,21956.0,7233.2,7496.0,0.0,2277.0,96.0,2.5,5.0,2744.285714285714,110.14285714285714,2.2142857142857144,7.0
2026-01-10,6,74.7,51.0,34.0,29.0,96.0,87.0,92.0,58.0,21.6,33.7,Legs,Hamstring/Glutes,Dumbbell Deadlift,2.0,24.0,12.5,600.0,22.5,58.0,784.0,36783.2,24.086206896551722,45.22551724137931,98.0,21956.0,7233.2,7496.0,0.0,2277.0,96.0,2.5,5.0,2744.285714285714,110.14285714285714,2.2142857142857144,7.0
2026-01-10,6,74.7,51.0,34.0,29.0,96.0,87.0,92.0,58.0,21.6,33.7,Pull,Forearms/Grip,Seated Barbell Wrist Extension,2.0,24.0,13.7,657.6,24.66,58.0,784.0,36783.2,24.086206896551722,45.22551724137931,98.0,21956.0,7233.2,7496.0,0.0,2277.0,96.0,2.5,5.0,2744.285714285714,110.14285714285714,2.2142857142857144,7.0
2026-01-10,6,74.7,51.0,34.0,29.0,96.0,87.0,92.0,58.0,21.6,33.7,Pull,Forearms/Grip,Seated Barbell Reverse Wrist Extension,2.0,24.0,13.7,657.6,24.66,58.0,784.0,36783.2,24.086206896551722,45.22551724137931,98.0,21956.0,7233.2,7496.0,0.0,2277.0,96.0,2.5,5.0,2744.285714285714,110.14285714285714,2.2142857142857144,7.0
2026-01-10,6,74.7,51.0,34.0,29.0,96.0,87.0,92.0,58.0,21.6,33.7,Pull,Traps,Dumbbell Shrugs,2.0,30.0,15.0,900.0,30.0,58.0,784.0,36783.2,24.086206896551722,45.22551724137931,98.0,21956.0,7233.2,7496.0,0.0,2277.0,96.0,2.5,5.0,2744.285714285714,110.14285714285714,2.2142857142857144,7.0
2026-01-11,6,74.7,51.0,34.0,29.0,96.0,87.0,92.0,58.0,21.6,33.7,0,0,0,0.0,0.0,0.0,0.0,0.0,58.0,784.0,36783.2,24.086206896551722,45.22551724137931,98.0,21956.0,7233.2,7496.0,0.0,2990.0,139.0,2.0,5.0,2744.285714285714,110.14285714285714,2.2142857142857144,7.0
2026-01-12,7,75.3,53.0,35.0,29.0,96.0,88.0,96.0,62.0,22.1,33.7,Pull,Traps,Dumbbell Shrugs,2.0,30.0,15.0,900.0,30.0,70.0,889.0,52791.6,30.305714285714288,55.44457142857143,2034.0,26982.0,11213.6,12562.0,0.0,2497.0,109.0,2.0,5.0,2572.285714285714,125.28571428571429,2.2857142857142856,7.0
2026-01-12,7,75.3,53.0,35.0,29.0,96.0,88.0,96.0,62.0,22.1,33.7,Push,Chest (compound),Iso-Lateral Chest Press Machine,2.0,24.0,27.0,1296.0,48.6,70.0,889.0,52791.6,30.305714285714288,55.44457142857143,2034.0,26982.0,11213.6,12562.0,0.0,2497.0,109.0,2.0,5.0,2572.285714285714,125.28571428571429,2.2857142857142856,7.0
2026-01-12,7,75.3,53.0,35.0,29.0,96.0,88.0,96.0,62.0,22.1,33.7,Push,Chest (compound),Chest Press Machine,2.0,24.0,32.0,1536.0,57.6,70.0,889.0,52791.6,30.305714285714288,55.44457142857143,2034.0,26982.0,11213.6,12562.0,0.0,2497.0,109.0,2.0,5.0,2572.285714285714,125.28571428571429,2.2857142857142856,7.0
2026-01-12,7,75.3,53.0,35.0,29.0,96.0,88.0,96.0,62.0,22.1,33.7,Push,Shoulders (compound),Seated Shoulder Press Machine,2.0,35.0,27.0,1890.0,58.5,70.0,889.0,52791.6,30.305714285714288,55.44457142857143,2034.0,26982.0,11213.6,12562.0,0.0,2497.0,109.0,2.0,5.0,2572.285714285714,125.28571428571429,2.2857142857142856,7.0
2026-01-12,7,75.3,53.0,35.0,29.0,96.0,88.0,96.0,62.0,22.1,33.7,Push,Shoulders (isolation),Hip-height Cable Lateral Raises,2.0,40.0,5.0,400.0,11.67,70.0,889.0,52791.6,30.305714285714288,55.44457142857143,2034.0,26982.0,11213.6,12562.0,0.0,2497.0,109.0,2.0,5.0,2572.285714285714,125.28571428571429,2.2857142857142856,7.0
2026-01-12,7,75.3,53.0,35.0,29.0,96.0,88.0,96.0,62.0,22.1,33.7,Push,Triceps,Tricep Rope Pushdown,2.0,26.0,23.0,1196.0,42.93,70.0,889.0,52791.6,30.305714285714288,55.44457142857143,2034.0,26982.0,11213.6,12562.0,0.0,2497.0,109.0,2.0,5.0,2572.285714285714,125.28571428571429,2.2857142857142856,7.0
2026-01-12,7,75.3,53.0,35.0,29.0,96.0,88.0,96.0,62.0,22.1,33.7,Push,Triceps,Overhead Triceps Extensions,2.0,24.0,23.0,1104.0,41.4,70.0,889.0,52791.6,30.305714285714288,55.44457142857143,2034.0,26982.0,11213.6,12562.0,0.0,2497.0,109.0,2.0,5.0,2572.285714285714,125.28571428571429,2.2857142857142856,7.0
2026-01-13,7,75.3,53.0,35.0,29.0,96.0,88.0,96.0,62.0,22.1,33.7,Pull,Back (compound),Wide-Grip Lat Pulldown,2.0,20.0,39.0,1560.0,65.0,70.0,889.0,52791.6,30.305714285714288,55.44457142857143,2034.0,26982.0,11213.6,12562.0,0.0,2325.0,165.0,2.0,5.0,2572.285714285714,125.28571428571429,2.2857142857142856,7.0
2026-01-13,7,75.3,53.0,35.0,29.0,96.0,88.0,96.0,62.0,22.1,33.7,Pull,Back (compound),Close-Grip Lat Pulldown,2.0,24.0,32.5,1560.0,58.5,70.0,889.0,52791.6,30.305714285714288,55.44457142857143,2034.0,26982.0,11213.6,12562.0,0.0,2325.0,165.0,2.0,5.0,2572.285714285714,125.28571428571429,2.2857142857142856,7.0
2026-01-13,7,75.3,53.0,35.0,29.0,96.0,88.0,96.0,62.0,22.1,33.7,Pull,Back (compound),Single Arm Cable Row,2.0,52.0,13.0,1352.0,35.53,70.0,889.0,52791.6,30.305714285714288,55.44457142857143,2034.0,26982.0,11213.6,12562.0,0.0,2325.0,165.0,2.0,5.0,2572.285714285714,125.28571428571429,2.2857142857142856,7.0
2026-01-13,7,75.3,53.0,35.0,29.0,96.0,88.0,96.0,62.0,22.1,33.7,Pull,Back (compound),Wide-Grip Seated Cable Row,2.0,24.0,32.2,1545.6,57.96,70.0,889.0,52791.6,30.305714285714288,55.44457142857143,2034.0,26982.0,11213.6,12562.0,0.0,2325.0,165.0,2.0,5.0,2572.285714285714,125.28571428571429,2.2857142857142856,7.0
2026-01-13,7,75.3,53.0,35.0,29.0,96.0,88.0,96.0,62.0,22.1,33.7,Pull,Biceps,Seated Dumbbell Incline Curl,2.0,11.0,8.0,176.0,10.93,70.0,889.0,52791.6,30.305714285714288,55.44457142857143,2034.0,26982.0,11213.6,12562.0,0.0,2325.0,165.0,2.0,5.0,2572.285714285714,125.28571428571429,2.2857142857142856,7.0
2026-01-13,7,75.3,53.0,35.0,29.0,96.0,88.0,96.0,62.0,22.1,33.7,Pull,Biceps,Cable Rope Hammer Curl,2.0,24.0,20.0,960.0,36.0,70.0,889.0,52791.6,30.305714285714288,55.44457142857143,2034.0,26982.0,11213.6,12562.0,0.0,2325.0,165.0,2.0,5.0,2572.285714285714,125.28571428571429,2.2857142857142856,7.0
2026-01-13,7,75.3,53.0,35.0,29.0,96.0,88.0,96.0,62.0,22.1,33.7,Push,Shoulders (isolation),Rear Delt Reverse Fly Machine,2.0,18.0,20.0,720.0,32.0,70.0,889.0,52791.6,30.305714285714288,55.44457142857143,2034.0,26982.0,11213.6,12562.0,0.0,2325.0,165.0,2.0,5.0,2572.285714285714,125.28571428571429,2.2857142857142856,7.0
2026-01-14,7,75.3,53.0,35.0,29.0,96.0,88.0,96.0,62.0,22.1,33.7,Core,Core,Decline Crunch,2.0,17.0,1.0,34.0,1.57,70.0,889.0,52791.6,30.305714285714288,55.44457142857143,2034.0,26982.0,11213.6,12562.0,0.0,2167.0,118.0,2.5,5.0,2572.285714285714,125.28571428571429,2.2857142857142856,7.0
2026-01-14,7,75.3,53.0,35.0,29.0,96.0,88.0,96.0,62.0,22.1,33.7,Legs,Legs (compound),Smith Machine Back Squat,2.0,24.0,40.0,1920.0,72.0,70.0,889.0,52791.6,30.305714285714288,55.44457142857143,2034.0,26982.0,11213.6,12562.0,0.0,2167.0,118.0,2.5,5.0,2572.285714285714,125.28571428571429,2.2857142857142856,7.0
2026-01-14,7,75.3,53.0,35.0,29.0,96.0,88.0,96.0,62.0,22.1,33.7,Legs,Legs (isolation),Leg Extension,2.0,30.0,55.0,3300.0,110.0,70.0,889.0,52791.6,30.305714285714288,55.44457142857143,2034.0,26982.0,11213.6,12562.0,0.0,2167.0,118.0,2.5,5.0,2572.285714285714,125.28571428571429,2.2857142857142856,7.0
2026-01-14,7,75.3,53.0,35.0,29.0,96.0,88.0,96.0,62.0,22.1,33.7,Legs,Legs (isolation),Seated Hamstring Curls,2.0,29.0,60.0,3480.0,118.0,70.0,889.0,52791.6,30.305714285714288,55.44457142857143,2034.0,26982.0,11213.6,12562.0,0.0,2167.0,118.0,2.5,5.0,2572.285714285714,125.28571428571429,2.2857142857142856,7.0
2026-01-14,7,75.3,53.0,35.0,29.0,96.0,88.0,96.0,62.0,22.1,33.7,Legs,Hips/Glutes (abductor),Outer Thigh Abduction,2.0,24.0,30.0,1440.0,54.0,70.0,889.0,52791.6,30.305714285714288,55.44457142857143,2034.0,26982.0,11213.6,12562.0,0.0,2167.0,118.0,2.5,5.0,2572.285714285714,125.28571428571429,2.2857142857142856,7.0
2026-01-14,7,75.3,53.0,35.0,29.0,96.0,88.0,96.0,62.0,22.1,33.7,Legs,Hips/Adductors,Inner Thigh Abduction,2.0,29.0,30.0,1740.0,59.0,70.0,889.0,52791.6,30.305714285714288,55.44457142857143,2034.0,26982.0,11213.6,12562.0,0.0,2167.0,118.0,2.5,5.0,2572.285714285714,125.28571428571429,2.2857142857142856,7.0
2026-01-14,7,75.3,53.0,35.0,29.0,96.0,88.0,96.0,62.0,22.1,33.7,Legs,Calves,Standing Barbell Calf Raise,2.0,24.0,40.0,1920.0,72.0,70.0,889.0,52791.6,30.305714285714288,55.44457142857143,2034.0,26982.0,11213.6,12562.0,0.0,2167.0,118.0,2.5,5.0,2572.285714285714,125.28571428571429,2.2857142857142856,7.0
2026-01-15,7,75.3,53.0,35.0,29.0,96.0,88.0,96.0,62.0,22.1,33.7,0,0,0,0.0,0.0,0.0,0.0,0.0,70.0,889.0,52791.6,30.305714285714288,55.44457142857143,2034.0,26982.0,11213.6,12562.0,0.0,2647.0,107.0,2.5,5.0,2572.285714285714,125.28571428571429,2.2857142857142856,7.0
2026-01-16,7,75.3,53.0,35.0,29.0,96.0,88.0,96.0,62.0,22.1,33.7,Pull,Biceps,Preacher Curl Barbell,2.0,20.0,15.0,600.0,25.0,70.0,889.0,52791.6,30.305714285714288,55.44457142857143,2034.0,26982.0,11213.6,12562.0,0.0,3351.0,165.0,2.0,5.0,2572.285714285714,125.28571428571429,2.2857142857142856,7.0
2026-01-16,7,75.3,53.0,35.0,29.0,96.0,88.0,96.0,62.0,22.1,33.7,Pull,Traps,Barbell Shrugs,2.0,22.0,50.0,2200.0,86.67,70.0,889.0,52791.6,30.305714285714288,55.44457142857143,2034.0,26982.0,11213.6,12562.0,0.0,3351.0,165.0,2.0,5.0,2572.285714285714,125.28571428571429,2.2857142857142856,7.0
2026-01-16,7,75.3,53.0,35.0,29.0,96.0,88.0,96.0,62.0,22.1,33.7,Push,Chest (compound),Dumbbell Bench Press,2.0,22.0,15.0,660.0,26.0,70.0,889.0,52791.6,30.305714285714288,55.44457142857143,2034.0,26982.0,11213.6,12562.0,0.0,3351.0,165.0,2.0,5.0,2572.285714285714,125.28571428571429,2.2857142857142856,7.0
2026-01-16,7,75.3,53.0,35.0,29.0,96.0,88.0,96.0,62.0,22.1,33.7,Push,Chest (isolation),Pec Deck ,2.0,19.0,35.0,1330.0,57.17,70.0,889.0,52791.6,30.305714285714288,55.44457142857143,2034.0,26982.0,11213.6,12562.0,0.0,3351.0,165.0,2.0,5.0,2572.285714285714,125.28571428571429,2.2857142857142856,7.0
2026-01-16,7,75.3,53.0,35.0,29.0,96.0,88.0,96.0,62.0,22.1,33.7,Push,Shoulders (compound),Dumbbell Shoulder Press,2.0,22.0,15.0,660.0,26.0,70.0,889.0,52791.6,30.305714285714288,55.44457142857143,2034.0,26982.0,11213.6,12562.0,0.0,3351.0,165.0,2.0,5.0,2572.285714285714,125.28571428571429,2.2857142857142856,7.0
2026-01-16,7,75.3,53.0,35.0,29.0,96.0,88.0,96.0,62.0,22.1,33.7,Push,Shoulders (isolation),Hip-height Cable Lateral Raises,2.0,42.0,5.0,420.0,12.0,70.0,889.0,52791.6,30.305714285714288,55.44457142857143,2034.0,26982.0,11213.6,12562.0,0.0,3351.0,165.0,2.0,5.0,2572.285714285714,125.28571428571429,2.2857142857142856,7.0
2026-01-16,7,75.3,53.0,35.0,29.0,96.0,88.0,96.0,62.0,22.1,33.7,Push,Triceps,Tricep Rope Pushdown,2.0,27.0,25.0,1350.0,47.5,70.0,889.0,52791.6,30.305714285714288,55.44457142857143,2034.0,26982.0,11213.6,12562.0,0.0,3351.0,165.0,2.0,5.0,2572.285714285714,125.28571428571429,2.2857142857142856,7.0
2026-01-17,7,75.3,53.0,35.0,29.0,96.0,88.0,96.0,62.0,22.1,33.7,Core,Core,Cable Crunch,2.0,20.0,50.0,2000.0,83.33,70.0,889.0,52791.6,30.305714285714288,55.44457142857143,2034.0,26982.0,11213.6,12562.0,0.0,2712.0,111.0,2.5,5.0,2572.285714285714,125.28571428571429,2.2857142857142856,7.0
2026-01-17,7,75.3,53.0,35.0,29.0,96.0,88.0,96.0,62.0,22.1,33.7,Legs,Legs (compound),Smith Machine Back Squat,2.0,24.0,50.0,2400.0,90.0,70.0,889.0,52791.6,30.305714285714288,55.44457142857143,2034.0,26982.0,11213.6,12562.0,0.0,2712.0,111.0,2.5,5.0,2572.285714285714,125.28571428571429,2.2857142857142856,7.0
2026-01-17,7,75.3,53.0,35.0,29.0,96.0,88.0,96.0,62.0,22.1,33.7,Legs,Legs (isolation),Leg Extension,2.0,29.0,59.0,3422.0,116.03,70.0,889.0,52791.6,30.305714285714288,55.44457142857143,2034.0,26982.0,11213.6,12562.0,0.0,2712.0,111.0,2.5,5.0,2572.285714285714,125.28571428571429,2.2857142857142856,7.0
2026-01-17,7,75.3,53.0,35.0,29.0,96.0,88.0,96.0,62.0,22.1,33.7,Legs,Legs (isolation),Seated Hamstring Curls,2.0,23.0,60.0,2760.0,106.0,70.0,889.0,52791.6,30.305714285714288,55.44457142857143,2034.0,26982.0,11213.6,12562.0,0.0,2712.0,111.0,2.5,5.0,2572.285714285714,125.28571428571429,2.2857142857142856,7.0
2026-01-17,7,75.3,53.0,35.0,29.0,96.0,88.0,96.0,62.0,22.1,33.7,Legs,Hips/Glutes (abductor),Wide-Stance Leg Press Machine,2.0,24.0,50.0,2400.0,90.0,70.0,889.0,52791.6,30.305714285714288,55.44457142857143,2034.0,26982.0,11213.6,12562.0,0.0,2712.0,111.0,2.5,5.0,2572.285714285714,125.28571428571429,2.2857142857142856,7.0
2026-01-17,7,75.3,53.0,35.0,29.0,96.0,88.0,96.0,62.0,22.1,33.7,Legs,Calves,Standing Barbell Calf Raise,2.0,22.0,50.0,2200.0,86.67,70.0,889.0,52791.6,30.305714285714288,55.44457142857143,2034.0,26982.0,11213.6,12562.0,0.0,2712.0,111.0,2.5,5.0,2572.285714285714,125.28571428571429,2.2857142857142856,7.0
2026-01-17,7,75.3,53.0,35.0,29.0,96.0,88.0,96.0,62.0,22.1,33.7,Pull,Forearms/Grip,Seated Barbell Wrist Extension,2.0,20.0,9.0,360.0,15.0,70.0,889.0,52791.6,30.305714285714288,55.44457142857143,2034.0,26982.0,11213.6,12562.0,0.0,2712.0,111.0,2.5,5.0,2572.285714285714,125.28571428571429,2.2857142857142856,7.0
2026-01-18,7,75.3,53.0,35.0,29.0,96.0,88.0,96.0,62.0,22.1,33.7,0,0,0,0.0,0.0,0.0,0.0,0.0,70.0,889.0,52791.6,30.305714285714288,55.44457142857143,2034.0,26982.0,11213.6,12562.0,0.0,2307.0,102.0,2.5,5.0,2572.285714285714,125.28571428571429,2.2857142857142856,7.0
2026-01-19,8,76.1,53.0,35.0,29.0,96.0,88.0,96.0,62.0,22.0,34.2,Push,Chest (compound),Cable Fly Crossovers,2.0,20.0,15.0,600.0,25.0,54.0,635.0,38971.0,30.22222222222222,54.278888888888886,46.0,17253.0,15182.0,6490.0,0.0,2242.0,91.0,2.5,5.0,2548.8571428571427,123.42857142857143,2.357142857142857,7.0
2026-01-19,8,76.1,53.0,35.0,29.0,96.0,88.0,96.0,62.0,22.0,34.2,Push,Chest (compound),Dumbbell Bench Press,2.0,22.0,15.0,660.0,26.0,54.0,635.0,38971.0,30.22222222222222,54.278888888888886,46.0,17253.0,15182.0,6490.0,0.0,2242.0,91.0,2.5,5.0,2548.8571428571427,123.42857142857143,2.357142857142857,7.0
2026-01-19,8,76.1,53.0,35.0,29.0,96.0,88.0,96.0,62.0,22.0,34.2,Push,Shoulders (compound),Dumbbell Shoulder Press,2.0,20.0,15.0,600.0,25.0,54.0,635.0,38971.0,30.22222222222222,54.278888888888886,46.0,17253.0,15182.0,6490.0,0.0,2242.0,91.0,2.5,5.0,2548.8571428571427,123.42857142857143,2.357142857142857,7.0
2026-01-19,8,76.1,53.0,35.0,29.0,96.0,88.0,96.0,62.0,22.0,34.2,Push,Shoulders (isolation),Hip-height Cable Lateral Raises,2.0,40.0,5.0,400.0,11.67,54.0,635.0,38971.0,30.22222222222222,54.278888888888886,46.0,17253.0,15182.0,6490.0,0.0,2242.0,91.0,2.5,5.0,2548.8571428571427,123.42857142857143,2.357142857142857,7.0
2026-01-19,8,76.1,53.0,35.0,29.0,96.0,88.0,96.0,62.0,22.0,34.2,Push,Triceps,Tricep Rope Pushdown,2.0,22.0,25.0,1100.0,43.33,54.0,635.0,38971.0,30.22222222222222,54.278888888888886,46.0,17253.0,15182.0,6490.0,0.0,2242.0,91.0,2.5,5.0,2548.8571428571427,123.42857142857143,2.357142857142857,7.0
2026-01-19,8,76.1,53.0,35.0,29.0,96.0,88.0,96.0,62.0,22.0,34.2,Push,Triceps,Overhead Triceps Extensions,2.0,26.0,25.0,1300.0,46.67,54.0,635.0,38971.0,30.22222222222222,54.278888888888886,46.0,17253.0,15182.0,6490.0,0.0,2242.0,91.0,2.5,5.0,2548.8571428571427,123.42857142857143,2.357142857142857,7.0
2026-01-20,8,76.1,53.0,35.0,29.0,96.0,88.0,96.0,62.0,22.0,34.2,0,0,0,0.0,0.0,0.0,0.0,0.0,54.0,635.0,38971.0,30.22222222222222,54.278888888888886,46.0,17253.0,15182.0,6490.0,0.0,2411.0,137.0,3.0,5.0,2548.8571428571427,123.42857142857143,2.357142857142857,7.0
2026-01-21,8,76.1,53.0,35.0,29.0,96.0,88.0,96.0,62.0,22.0,34.2,Pull,Back (compound),Wide-Grip Lat Pulldown,2.0,21.0,39.0,1638.0,66.3,54.0,635.0,38971.0,30.22222222222222,54.278888888888886,46.0,17253.0,15182.0,6490.0,0.0,3431.0,137.0,2.0,5.0,2548.8571428571427,123.42857142857143,2.357142857142857,7.0
2026-01-21,8,76.1,53.0,35.0,29.0,96.0,88.0,96.0,62.0,22.0,34.2,Pull,Back (compound),Seated Cable Row - V Grip,2.0,21.0,26.0,1092.0,44.2,54.0,635.0,38971.0,30.22222222222222,54.278888888888886,46.0,17253.0,15182.0,6490.0,0.0,3431.0,137.0,2.0,5.0,2548.8571428571427,123.42857142857143,2.357142857142857,7.0
2026-01-21,8,76.1,53.0,35.0,29.0,96.0,88.0,96.0,62.0,22.0,34.2,Pull,Back (compound),Wide-Grip Seated Cable Row,2.0,21.0,26.0,1092.0,44.2,54.0,635.0,38971.0,30.22222222222222,54.278888888888886,46.0,17253.0,15182.0,6490.0,0.0,3431.0,137.0,2.0,5.0,2548.8571428571427,123.42857142857143,2.357142857142857,7.0
2026-01-21,8,76.1,53.0,35.0,29.0,96.0,88.0,96.0,62.0,22.0,34.2,Pull,Shoulders (isolation),Rear Delt Reverse Fly Machine,2.0,20.0,20.0,800.0,33.33,54.0,635.0,38971.0,30.22222222222222,54.278888888888886,46.0,17253.0,15182.0,6490.0,0.0,3431.0,137.0,2.0,5.0,2548.8571428571427,123.42857142857143,2.357142857142857,7.0
2026-01-21,8,76.1,53.0,35.0,29.0,96.0,88.0,96.0,62.0,22.0,34.2,Pull,Biceps,Seated Dumbbell Incline Curl,2.0,14.0,7.0,196.0,10.27,54.0,635.0,38971.0,30.22222222222222,54.278888888888886,46.0,17253.0,15182.0,6490.0,0.0,3431.0,137.0,2.0,5.0,2548.8571428571427,123.42857142857143,2.357142857142857,7.0
2026-01-21,8,76.1,53.0,35.0,29.0,96.0,88.0,96.0,62.0,22.0,34.2,Pull,Biceps,Cable Rope Hammer Curl,2.0,24.0,20.0,960.0,36.0,54.0,635.0,38971.0,30.22222222222222,54.278888888888886,46.0,17253.0,15182.0,6490.0,0.0,3431.0,137.0,2.0,5.0,2548.8571428571427,123.42857142857143,2.357142857142857,7.0
2026-01-21,8,76.1,53.0,35.0,29.0,96.0,88.0,96.0,62.0,22.0,34.2,Pull,Traps,Barbell Shrugs,2.0,24.0,50.0,2400.0,90.0,54.0,635.0,38971.0,30.22222222222222,54.278888888888886,46.0,17253.0,15182.0,6490.0,0.0,3431.0,137.0,2.0,5.0,2548.8571428571427,123.42857142857143,2.357142857142857,7.0
2026-01-22,8,76.1,53.0,35.0,29.0,96.0,88.0,96.0,62.0,22.0,34.2,Core,Core,Reverse Crunch,2.0,23.0,1.0,46.0,1.77,54.0,635.0,38971.0,30.22222222222222,54.278888888888886,46.0,17253.0,15182.0,6490.0,0.0,2178.0,100.0,2.5,5.0,2548.8571428571427,123.42857142857143,2.357142857142857,7.0
2026-01-22,8,76.1,53.0,35.0,29.0,96.0,88.0,96.0,62.0,22.0,34.2,Legs,Legs (compound),Horizontal Leg Press Machine,2.0,27.0,84.5,4563.0,160.55,54.0,635.0,38971.0,30.22222222222222,54.278888888888886,46.0,17253.0,15182.0,6490.0,0.0,2178.0,100.0,2.5,5.0,2548.8571428571427,123.42857142857143,2.357142857142857,7.0
2026-01-22,8,76.1,53.0,35.0,29.0,96.0,88.0,96.0,62.0,22.0,34.2,Legs,Legs (isolation),Leg Extension,2.0,30.0,60.0,3600.0,120.0,54.0,635.0,38971.0,30.22222222222222,54.278888888888886,46.0,17253.0,15182.0,6490.0,0.0,2178.0,100.0,2.5,5.0,2548.8571428571427,123.42857142857143,2.357142857142857,7.0
2026-01-22,8,76.1,53.0,35.0,29.0,96.0,88.0,96.0,62.0,22.0,34.2,Legs,Legs (isolation),Seated Hamstring Curls,2.0,30.0,65.0,3900.0,130.0,54.0,635.0,38971.0,30.22222222222222,54.278888888888886,46.0,17253.0,15182.0,6490.0,0.0,2178.0,100.0,2.5,5.0,2548.8571428571427,123.42857142857143,2.357142857142857,7.0
2026-01-22,8,76.1,53.0,35.0,29.0,96.0,88.0,96.0,62.0,22.0,34.2,Legs,Hips/Glutes (abductor),Outer Thigh Abduction,2.0,24.0,30.0,1440.0,54.0,54.0,635.0,38971.0,30.22222222222222,54.278888888888886,46.0,17253.0,15182.0,6490.0,0.0,2178.0,100.0,2.5,5.0,2548.8571428571427,123.42857142857143,2.357142857142857,7.0
2026-01-22,8,76.1,53.0,35.0,29.0,96.0,88.0,96.0,62.0,22.0,34.2,Legs,Hips/Adductors,Inner Thigh Abduction,2.0,25.0,35.0,1750.0,64.17,54.0,635.0,38971.0,30.22222222222222,54.278888888888886,46.0,17253.0,15182.0,6490.0,0.0,2178.0,100.0,2.5,5.0,2548.8571428571427,123.42857142857143,2.357142857142857,7.0
2026-01-22,8,76.1,53.0,35.0,29.0,96.0,88.0,96.0,62.0,22.0,34.2,Legs,Calves,Standing Barbell Calf Raise,2.0,20.0,50.0,2000.0,83.33,54.0,635.0,38971.0,30.22222222222222,54.278888888888886,46.0,17253.0,15182.0,6490.0,0.0,2178.0,100.0,2.5,5.0,2548.8571428571427,123.42857142857143,2.357142857142857,7.0
2026-01-23,8,76.1,53.0,35.0,29.0,96.0,88.0,96.0,62.0,22.0,34.2,Pull,Back (compound),Wide-Grip Lat Pulldown,2.0,20.0,39.0,1560.0,65.0,54.0,635.0,38971.0,30.22222222222222,54.278888888888886,46.0,17253.0,15182.0,6490.0,0.0,2270.0,143.0,2.5,5.0,2548.8571428571427,123.42857142857143,2.357142857142857,7.0
2026-01-23,8,76.1,53.0,35.0,29.0,96.0,88.0,96.0,62.0,22.0,34.2,Pull,Back (compound),Seated Cable Row - V Grip,2.0,22.0,26.0,1144.0,45.07,54.0,635.0,38971.0,30.22222222222222,54.278888888888886,46.0,17253.0,15182.0,6490.0,0.0,2270.0,143.0,2.5,5.0,2548.8571428571427,123.42857142857143,2.357142857142857,7.0
2026-01-23,8,76.1,53.0,35.0,29.0,96.0,88.0,96.0,62.0,22.0,34.2,Pull,Triceps,Isolated Tricep Pushdown,2.0,38.0,10.0,760.0,22.67,54.0,635.0,38971.0,30.22222222222222,54.278888888888886,46.0,17253.0,15182.0,6490.0,0.0,2270.0,143.0,2.5,5.0,2548.8571428571427,123.42857142857143,2.357142857142857,7.0
2026-01-23,8,76.1,53.0,35.0,29.0,96.0,88.0,96.0,62.0,22.0,34.2,Pull,Biceps,Biceps Cable Curl,2.0,19.0,30.0,1140.0,49.0,54.0,635.0,38971.0,30.22222222222222,54.278888888888886,46.0,17253.0,15182.0,6490.0,0.0,2270.0,143.0,2.5,5.0,2548.8571428571427,123.42857142857143,2.357142857142857,7.0
2026-01-23,8,76.1,53.0,35.0,29.0,96.0,88.0,96.0,62.0,22.0,34.2,Pull,Traps,Barbell Shrugs,2.0,24.0,50.0,2400.0,90.0,54.0,635.0,38971.0,30.22222222222222,54.278888888888886,46.0,17253.0,15182.0,6490.0,0.0,2270.0,143.0,2.5,5.0,2548.8571428571427,123.42857142857143,2.357142857142857,7.0
2026-01-23,8,76.1,53.0,35.0,29.0,96.0,88.0,96.0,62.0,22.0,34.2,Push,Chest (compound),Dumbbell Incline Bench Press,2.0,18.0,17.5,630.0,28.0,54.0,635.0,38971.0,30.22222222222222,54.278888888888886,46.0,17253.0,15182.0,6490.0,0.0,2270.0,143.0,2.5,5.0,2548.8571428571427,123.42857142857143,2.357142857142857,7.0
2026-01-23,8,76.1,53.0,35.0,29.0,96.0,88.0,96.0,62.0,22.0,34.2,Push,Chest (isolation),Pec Deck ,2.0,20.0,30.0,1200.0,50.0,54.0,635.0,38971.0,30.22222222222222,54.278888888888886,46.0,17253.0,15182.0,6490.0,0.0,2270.0,143.0,2.5,5.0,2548.8571428571427,123.42857142857143,2.357142857142857,7.0
2026-01-24,8,76.1,53.0,35.0,29.0,96.0,88.0,96.0,62.0,22.0,34.2,0,0,0,0.0,0.0,0.0,0.0,0.0,54.0,635.0,38971.0,30.22222222222222,54.278888888888886,46.0,17253.0,15182.0,6490.0,0.0,2273.0,128.0,2.0,5.0,2548.8571428571427,123.42857142857143,2.357142857142857,7.0
2026-01-25,8,76.1,53.0,35.0,29.0,96.0,88.0,96.0,62.0,22.0,34.2,0,0,0,0.0,0.0,0.0,0.0,0.0,54.0,635.0,38971.0,30.22222222222222,54.278888888888886,46.0,17253.0,15182.0,6490.0,0.0,3037.0,128.0,2.0,5.0,2548.8571428571427,123.42857142857143,2.357142857142857,7.0
2026-01-26,9,77.0,54.0,35.0,30.0,96.0,87.0,98.0,62.0,21.8,34.6,Pull,Biceps,EZ Bar Preacher Curl,2.0,24.0,15.0,720.0,27.0,70.0,893.0,59040.0,33.25714285714286,61.37171428571429,104.0,33504.0,16264.0,9168.0,0.0,2135.0,126.0,3.0,5.0,2298.0,122.42857142857143,2.4285714285714284,7.0
2026-01-26,9,77.0,54.0,35.0,30.0,96.0,87.0,98.0,62.0,21.8,34.6,Pull,Biceps,Cable Rope Hammer Curl,2.0,20.0,20.0,800.0,33.33,70.0,893.0,59040.0,33.25714285714286,61.37171428571429,104.0,33504.0,16264.0,9168.0,0.0,2135.0,126.0,3.0,5.0,2298.0,122.42857142857143,2.4285714285714284,7.0
2026-01-26,9,77.0,54.0,35.0,30.0,96.0,87.0,98.0,62.0,21.8,34.6,Push,Chest (compound),Chest Press Machine,2.0,20.0,27.0,1080.0,45.0,70.0,893.0,59040.0,33.25714285714286,61.37171428571429,104.0,33504.0,16264.0,9168.0,0.0,2135.0,126.0,3.0,5.0,2298.0,122.42857142857143,2.4285714285714284,7.0
2026-01-26,9,77.0,54.0,35.0,30.0,96.0,87.0,98.0,62.0,21.8,34.6,Push,Chest (isolation),Pec Deck ,2.0,22.0,32.0,1408.0,55.47,70.0,893.0,59040.0,33.25714285714286,61.37171428571429,104.0,33504.0,16264.0,9168.0,0.0,2135.0,126.0,3.0,5.0,2298.0,122.42857142857143,2.4285714285714284,7.0
2026-01-26,9,77.0,54.0,35.0,30.0,96.0,87.0,98.0,62.0,21.8,34.6,Push,Shoulders (compound),Shoulder Press Machine,2.0,20.0,27.0,1080.0,45.0,70.0,893.0,59040.0,33.25714285714286,61.37171428571429,104.0,33504.0,16264.0,9168.0,0.0,2135.0,126.0,3.0,5.0,2298.0,122.42857142857143,2.4285714285714284,7.0
2026-01-26,9,77.0,54.0,35.0,30.0,96.0,87.0,98.0,62.0,21.8,34.6,Push,Shoulders (isolation),Hip-height Cable Lateral Raises,2.0,40.0,5.0,400.0,11.67,70.0,893.0,59040.0,33.25714285714286,61.37171428571429,104.0,33504.0,16264.0,9168.0,0.0,2135.0,126.0,3.0,5.0,2298.0,122.42857142857143,2.4285714285714284,7.0
2026-01-27,9,77.0,54.0,35.0,30.0,96.0,87.0,98.0,62.0,21.8,34.6,0,0,0,0.0,0.0,0.0,0.0,0.0,70.0,893.0,59040.0,33.25714285714286,61.37171428571429,104.0,33504.0,16264.0,9168.0,0.0,2262.0,127.0,2.5,5.0,2298.0,122.42857142857143,2.4285714285714284,7.0
2026-01-28,9,77.0,54.0,35.0,30.0,96.0,87.0,98.0,62.0,21.8,34.6,Pull,Back (compound),Wide-Grip Lat Pulldown,2.0,22.0,39.0,1716.0,67.6,70.0,893.0,59040.0,33.25714285714286,61.37171428571429,104.0,33504.0,16264.0,9168.0,0.0,2167.0,98.0,2.0,5.0,2298.0,122.42857142857143,2.4285714285714284,7.0
2026-01-28,9,77.0,54.0,35.0,30.0,96.0,87.0,98.0,62.0,21.8,34.6,Pull,Back (compound),Single Arm Cable Row,2.0,40.0,26.0,2080.0,60.67,70.0,893.0,59040.0,33.25714285714286,61.37171428571429,104.0,33504.0,16264.0,9168.0,0.0,2167.0,98.0,2.0,5.0,2298.0,122.42857142857143,2.4285714285714284,7.0
2026-01-28,9,77.0,54.0,35.0,30.0,96.0,87.0,98.0,62.0,21.8,34.6,Pull,Back (compound),Wide-Grip Seated Cable Row,2.0,20.0,26.0,1040.0,43.33,70.0,893.0,59040.0,33.25714285714286,61.37171428571429,104.0,33504.0,16264.0,9168.0,0.0,2167.0,98.0,2.0,5.0,2298.0,122.42857142857143,2.4285714285714284,7.0
2026-01-28,9,77.0,54.0,35.0,30.0,96.0,87.0,98.0,62.0,21.8,34.6,Pull,Shoulders (isolation),Rear Delt Reverse Fly Machine,2.0,20.0,25.0,1000.0,41.67,70.0,893.0,59040.0,33.25714285714286,61.37171428571429,104.0,33504.0,16264.0,9168.0,0.0,2167.0,98.0,2.0,5.0,2298.0,122.42857142857143,2.4285714285714284,7.0
2026-01-28,9,77.0,54.0,35.0,30.0,96.0,87.0,98.0,62.0,21.8,34.6,Pull,Traps,Barbell Shrugs,2.0,23.0,50.0,2300.0,88.33,70.0,893.0,59040.0,33.25714285714286,61.37171428571429,104.0,33504.0,16264.0,9168.0,0.0,2167.0,98.0,2.0,5.0,2298.0,122.42857142857143,2.4285714285714284,7.0
2026-01-28,9,77.0,54.0,35.0,30.0,96.0,87.0,98.0,62.0,21.8,34.6,Push,Triceps,Tricep Rope Pushdown,2.0,20.0,30.0,1200.0,50.0,70.0,893.0,59040.0,33.25714285714286,61.37171428571429,104.0,33504.0,16264.0,9168.0,0.0,2167.0,98.0,2.0,5.0,2298.0,122.42857142857143,2.4285714285714284,7.0
2026-01-28,9,77.0,54.0,35.0,30.0,96.0,87.0,98.0,62.0,21.8,34.6,Push,Triceps,Overhead Triceps Extensions,2.0,22.0,25.0,1100.0,43.33,70.0,893.0,59040.0,33.25714285714286,61.37171428571429,104.0,33504.0,16264.0,9168.0,0.0,2167.0,98.0,2.0,5.0,2298.0,122.42857142857143,2.4285714285714284,7.0
2026-01-29,9,77.0,54.0,35.0,30.0,96.0,87.0,98.0,62.0,21.8,34.6,Core,Core,Decline Crunch,2.0,27.0,1.0,54.0,1.9,70.0,893.0,59040.0,33.25714285714286,61.37171428571429,104.0,33504.0,16264.0,9168.0,0.0,2098.0,130.0,2.5,5.0,2298.0,122.42857142857143,2.4285714285714284,7.0
2026-01-29,9,77.0,54.0,35.0,30.0,96.0,87.0,98.0,62.0,21.8,34.6,Legs,Legs (compound),Single Leg Press,2.0,51.0,52.0,5304.0,140.4,70.0,893.0,59040.0,33.25714285714286,61.37171428571429,104.0,33504.0,16264.0,9168.0,0.0,2098.0,130.0,2.5,5.0,2298.0,122.42857142857143,2.4285714285714284,7.0
2026-01-29,9,77.0,54.0,35.0,30.0,96.0,87.0,98.0,62.0,21.8,34.6,Legs,Legs (isolation),Leg Extension,2.0,28.0,65.0,3640.0,125.67,70.0,893.0,59040.0,33.25714285714286,61.37171428571429,104.0,33504.0,16264.0,9168.0,0.0,2098.0,130.0,2.5,5.0,2298.0,122.42857142857143,2.4285714285714284,7.0
2026-01-29,9,77.0,54.0,35.0,30.0,96.0,87.0,98.0,62.0,21.8,34.6,Legs,Legs (isolation),Seated Hamstring Curls,2.0,30.0,70.0,4200.0,140.0,70.0,893.0,59040.0,33.25714285714286,61.37171428571429,104.0,33504.0,16264.0,9168.0,0.0,2098.0,130.0,2.5,5.0,2298.0,122.42857142857143,2.4285714285714284,7.0
2026-01-29,9,77.0,54.0,35.0,30.0,96.0,87.0,98.0,62.0,21.8,34.6,Legs,Hips/Glutes (abductor),Outer Thigh Abduction,2.0,24.0,30.0,1440.0,54.0,70.0,893.0,59040.0,33.25714285714286,61.37171428571429,104.0,33504.0,16264.0,9168.0,0.0,2098.0,130.0,2.5,5.0,2298.0,122.42857142857143,2.4285714285714284,7.0
2026-01-29,9,77.0,54.0,35.0,30.0,96.0,87.0,98.0,62.0,21.8,34.6,Legs,Hips/Adductors,Inner Thigh Abduction,2.0,25.0,30.0,1500.0,55.0,70.0,893.0,59040.0,33.25714285714286,61.37171428571429,104.0,33504.0,16264.0,9168.0,0.0,2098.0,130.0,2.5,5.0,2298.0,122.42857142857143,2.4285714285714284,7.0
2026-01-29,9,77.0,54.0,35.0,30.0,96.0,87.0,98.0,62.0,21.8,34.6,Legs,Calves,Calf Press,2.0,30.0,65.0,3900.0,130.0,70.0,893.0,59040.0,33.25714285714286,61.37171428571429,104.0,33504.0,16264.0,9168.0,0.0,2098.0,130.0,2.5,5.0,2298.0,122.42857142857143,2.4285714285714284,7.0
2026-01-29,9,77.0,54.0,35.0,30.0,96.0,87.0,98.0,62.0,21.8,34.6,Pull,Forearms/Grip,Seated Palms-up Dumbbell Wrist Curl,2.0,24.0,8.0,384.0,14.4,70.0,893.0,59040.0,33.25714285714286,61.37171428571429,104.0,33504.0,16264.0,9168.0,0.0,2098.0,130.0,2.5,5.0,2298.0,122.42857142857143,2.4285714285714284,7.0
2026-01-30,9,77.0,54.0,35.0,30.0,96.0,87.0,98.0,62.0,21.8,34.6,Pull,Back (compound),Wide-Grip Lat Pulldown,2.0,20.0,39.0,1560.0,65.0,70.0,893.0,59040.0,33.25714285714286,61.37171428571429,104.0,33504.0,16264.0,9168.0,0.0,2201.0,139.0,2.5,5.0,2298.0,122.42857142857143,2.4285714285714284,7.0
2026-01-30,9,77.0,54.0,35.0,30.0,96.0,87.0,98.0,62.0,21.8,34.6,Pull,Back (compound),Seated Cable Row - V Grip,2.0,22.0,26.0,1144.0,45.07,70.0,893.0,59040.0,33.25714285714286,61.37171428571429,104.0,33504.0,16264.0,9168.0,0.0,2201.0,139.0,2.5,5.0,2298.0,122.42857142857143,2.4285714285714284,7.0
2026-01-30,9,77.0,54.0,35.0,30.0,96.0,87.0,98.0,62.0,21.8,34.6,Pull,Biceps,Biceps Cable Curl,2.0,22.0,30.0,1320.0,52.0,70.0,893.0,59040.0,33.25714285714286,61.37171428571429,104.0,33504.0,16264.0,9168.0,0.0,2201.0,139.0,2.5,5.0,2298.0,122.42857142857143,2.4285714285714284,7.0
2026-01-30,9,77.0,54.0,35.0,30.0,96.0,87.0,98.0,62.0,21.8,34.6,Pull,Traps,Barbell Shrugs,2.0,22.0,50.0,2200.0,86.67,70.0,893.0,59040.0,33.25714285714286,61.37171428571429,104.0,33504.0,16264.0,9168.0,0.0,2201.0,139.0,2.5,5.0,2298.0,122.42857142857143,2.4285714285714284,7.0
2026-01-30,9,77.0,54.0,35.0,30.0,96.0,87.0,98.0,62.0,21.8,34.6,Push,Chest (compound),Dumbbell Incline Bench Press,2.0,20.0,17.5,700.0,29.17,70.0,893.0,59040.0,33.25714285714286,61.37171428571429,104.0,33504.0,16264.0,9168.0,0.0,2201.0,139.0,2.5,5.0,2298.0,122.42857142857143,2.4285714285714284,7.0
2026-01-30,9,77.0,54.0,35.0,30.0,96.0,87.0,98.0,62.0,21.8,34.6,Push,Chest (isolation),Pec Deck ,2.0,20.0,30.0,1200.0,50.0,70.0,893.0,59040.0,33.25714285714286,61.37171428571429,104.0,33504.0,16264.0,9168.0,0.0,2201.0,139.0,2.5,5.0,2298.0,122.42857142857143,2.4285714285714284,7.0
2026-01-30,9,77.0,54.0,35.0,30.0,96.0,87.0,98.0,62.0,21.8,34.6,Push,Triceps,Isolated Tricep Pushdown,2.0,50.0,10.0,1000.0,26.67,70.0,893.0,59040.0,33.25714285714286,61.37171428571429,104.0,33504.0,16264.0,9168.0,0.0,2201.0,139.0,2.5,5.0,2298.0,122.42857142857143,2.4285714285714284,7.0
2026-01-31,9,77.0,54.0,35.0,30.0,96.0,87.0,98.0,62.0,21.8,34.6,Core,Core,Reverse Crunch,2.0,25.0,1.0,50.0,1.83,70.0,893.0,59040.0,33.25714285714286,61.37171428571429,104.0,33504.0,16264.0,9168.0,0.0,2785.0,127.0,2.0,5.0,2298.0,122.42857142857143,2.4285714285714284,7.0
2026-01-31,9,77.0,54.0,35.0,30.0,96.0,87.0,98.0,62.0,21.8,34.6,Legs,Legs (compound),Smith Machine Back Squat,2.0,24.0,50.0,2400.0,90.0,70.0,893.0,59040.0,33.25714285714286,61.37171428571429,104.0,33504.0,16264.0,9168.0,0.0,2785.0,127.0,2.0,5.0,2298.0,122.42857142857143,2.4285714285714284,7.0
2026-01-31,9,77.0,54.0,35.0,30.0,96.0,87.0,98.0,62.0,21.8,34.6,Legs,Legs (isolation),Leg Extension,2.0,24.0,65.0,3120.0,117.0,70.0,893.0,59040.0,33.25714285714286,61.37171428571429,104.0,33504.0,16264.0,9168.0,0.0,2785.0,127.0,2.0,5.0,2298.0,122.42857142857143,2.4285714285714284,7.0
2026-01-31,9,77.0,54.0,35.0,30.0,96.0,87.0,98.0,62.0,21.8,34.6,Legs,Legs (isolation),Seated Hamstring Curls,2.0,20.0,65.0,2600.0,108.33,70.0,893.0,59040.0,33.25714285714286,61.37171428571429,104.0,33504.0,16264.0,9168.0,0.0,2785.0,127.0,2.0,5.0,2298.0,122.42857142857143,2.4285714285714284,7.0
2026-01-31,9,77.0,54.0,35.0,30.0,96.0,87.0,98.0,62.0,21.8,34.6,Legs,Legs (compound),Dumbbell Deadlift,2.0,24.0,12.5,600.0,22.5,70.0,893.0,59040.0,33.25714285714286,61.37171428571429,104.0,33504.0,16264.0,9168.0,0.0,2785.0,127.0,2.0,5.0,2298.0,122.42857142857143,2.4285714285714284,7.0
2026-01-31,9,77.0,54.0,35.0,30.0,96.0,87.0,98.0,62.0,21.8,34.6,Legs,Hips/Glutes (abductor),Wide-Stance Leg Press Machine,2.0,24.0,50.0,2400.0,90.0,70.0,893.0,59040.0,33.25714285714286,61.37171428571429,104.0,33504.0,16264.0,9168.0,0.0,2785.0,127.0,2.0,5.0,2298.0,122.42857142857143,2.4285714285714284,7.0
2026-01-31,9,77.0,54.0,35.0,30.0,96.0,87.0,98.0,62.0,21.8,34.6,Legs,Calves,Calf Press,2.0,24.0,50.0,2400.0,90.0,70.0,893.0,59040.0,33.25714285714286,61.37171428571429,104.0,33504.0,16264.0,9168.0,0.0,2785.0,127.0,2.0,5.0,2298.0,122.42857142857143,2.4285714285714284,7.0
2026-02-01,9,77.0,54.0,35.0,30.0,96.0,87.0,98.0,62.0,21.8,34.6,0,0,0,0.0,0.0,0.0,0.0,0.0,70.0,893.0,59040.0,33.25714285714286,61.37171428571429,104.0,33504.0,16264.0,9168.0,0.0,2438.0,110.0,2.5,5.0,2298.0,122.42857142857143,2.4285714285714284,7.0
2026-02-02,10,75.5,53.0,35.0,29.0,95.0,85.0,96.0,53.0,22.1,33.9,0,0,0,0.0,0.0,0.0,0.0,0.0,0.0,0.0,0.0,0.0,0.0,0.0,0.0,0.0,0.0,0.0,0.0,0.0,0.0,0.0,0.0,0.0,0.0,0.0
